zoneShortName,spawn2Id,spawngroupId,mobName,displayName,mapRepresentativeName,mapRepresentativeChance,isNamedRare,classificationReason,level,race,className,chance,respawnTime,x,y,z,heading,candidateCount,candidatesSummary
chardok,20985,8464,a_Dizok_Sergeant,A Dizok Sergeant,Watch Sergeant Riz`oul,15,true,unique named loot overrides spawn footprint,53,Sarnak,Warrior,45,640,378,167,76.129997,128,4,A Dizok Sergeant 45% L53 | A Di`zok Sergeant 25% L53 | Captain Di`ouz 15% L53 named/rare | Watch Sergeant Riz`oul 15% L52 named/rare
chardok,20986,8463,a_Chokidai_Rootdigger,A Chokidai Rootdigger,A Sarnak Herb Collector,50,false,low-spawn-count candidate with meaningful loot,55,Wolf,Warrior,50,640,-70,157,-296.630005,132,2,A Chokidai Rootdigger 50% L55 | A Sarnak Herb Collector 50% L55
chardok,20987,8463,a_Chokidai_Rootdigger,A Chokidai Rootdigger,A Sarnak Herb Collector,50,false,low-spawn-count candidate with meaningful loot,55,Wolf,Warrior,50,640,92,110,-289.880005,0,2,A Chokidai Rootdigger 50% L55 | A Sarnak Herb Collector 50% L55
chardok,20988,8463,a_Chokidai_Rootdigger,A Chokidai Rootdigger,A Sarnak Herb Collector,50,false,low-spawn-count candidate with meaningful loot,55,Wolf,Warrior,50,640,51,157,-286.630005,254,2,A Chokidai Rootdigger 50% L55 | A Sarnak Herb Collector 50% L55
chardok,20989,8463,a_Chokidai_Rootdigger,A Chokidai Rootdigger,A Sarnak Herb Collector,50,false,low-spawn-count candidate with meaningful loot,55,Wolf,Warrior,50,640,-103,245,-283.5,254,2,A Chokidai Rootdigger 50% L55 | A Sarnak Herb Collector 50% L55
chardok,20990,8462,a_Chokidai_Herbsniffer,A Chokidai Herbsniffer,A Chokidai Herbsniffer,50,false,common primary candidate,55,Wolf,Warrior,50,640,89,53,-294.75,160,2,A Chokidai Herbsniffer 50% L55 | A Chokidai Rootdigger 50% L55
chardok,20991,8462,a_Chokidai_Herbsniffer,A Chokidai Herbsniffer,A Chokidai Herbsniffer,50,false,common primary candidate,55,Wolf,Warrior,50,640,26,239,-296.630005,0,2,A Chokidai Herbsniffer 50% L55 | A Chokidai Rootdigger 50% L55
chardok,20992,8461,a_Chokidai_Rootdigger,A Chokidai Rootdigger,An Apprentice Herbalist,50,false,low-spawn-count candidate with meaningful loot,55,Wolf,Warrior,50,640,88,159,-287.75,380,2,A Chokidai Rootdigger 50% L55 | An Apprentice Herbalist 50% L53
chardok,20993,8461,a_Chokidai_Rootdigger,A Chokidai Rootdigger,An Apprentice Herbalist,50,false,low-spawn-count candidate with meaningful loot,55,Wolf,Warrior,50,640,-81.879997,199,-286.380005,94,2,A Chokidai Rootdigger 50% L55 | An Apprentice Herbalist 50% L53
chardok,20994,8460,an_Apprentice_Herbalist,An Apprentice Herbalist,An Apprentice Herbalist,100,false,common primary candidate,53,Sarnak,Shaman,100,640,108,253,-294.130005,0,1,An Apprentice Herbalist 100% L53
chardok,20995,8459,a_Veteran_Underboss,A Veteran Underboss,Underboss Myli`ki,20,true,unique named loot overrides spawn footprint,56,Sarnak,Warrior,80,640,388,283,-297,270,2,A Veteran Underboss 80% L56 | Underboss Myli`ki 20% L57 named/rare
chardok,20996,8458,a_Chokidai_Sunderfiend,A Chokidai Sunderfiend,A Chokidai Terror,33,false,low-spawn-count candidate with meaningful loot,56,Wolf,Warrior,34,640,424,257,-306.130005,344,3,A Chokidai Sunderfiend 34% L56 | A Chokidai Terror 33% L55 | A Sarnak Pitboss 33% L55
chardok,20997,8457,a_Chokidai_Sunderfiend,A Chokidai Sunderfiend,A Sarnak Pitboss,50,false,highest chance common mob,56,Wolf,Warrior,50,640,280,227,-303,510,2,A Chokidai Sunderfiend 50% L56 | A Sarnak Pitboss 50% L55
chardok,20998,8457,a_Chokidai_Sunderfiend,A Chokidai Sunderfiend,A Sarnak Pitboss,50,false,highest chance common mob,56,Wolf,Warrior,50,640,538,130,-302.880005,0,2,A Chokidai Sunderfiend 50% L56 | A Sarnak Pitboss 50% L55
chardok,20999,8456,a_Alchemist`s_Acolyte,A Alchemist`s Acolyte,A Wizened Herb Collector,20,false,Site rare loot source,56,Sarnak,Warrior,47,640,6,90,-292.25,0,3,A Alchemist`s Acolyte 47% L56 | A Sarnak Herb Collector 33% L55 | A Wizened Herb Collector 20% L56
chardok,21000,8455,a_Chokidai_Herbsniffer,A Chokidai Herbsniffer,A Chokidai Herbsniffer,100,false,common primary candidate,55,Wolf,Warrior,100,640,6,157,-286.630005,252,1,A Chokidai Herbsniffer 100% L55
chardok,21001,8454,a_Di`zok_Herbalist,A Di`zok Herbalist,Grand Herbalist Mak`ha,33,true,Epic item source,55,Sarnak,Shaman,34,640,31,161,-283.5,194,3,A Di`zok Herbalist 34% L55 | Grand Herbalist Mak`ha 33% L56 named/rare | A Dizok Herbalist 33% L55
chardok,21002,8453,a_Chokidai_Sunderfiend,A Chokidai Sunderfiend,A Sarnak Whipcracker,33,false,low-spawn-count candidate with meaningful loot,56,Wolf,Warrior,34,640,176,312,-302,362,3,A Chokidai Sunderfiend 34% L56 | A Sarnak Pitboss 33% L55 | A Sarnak Whipcracker 33% L55
chardok,21003,8452,#Echo_of_Chardok,Echo Of Chardok,Overseer Dal`guur,25,false,unique named loot overrides spawn footprint,67,Sarnak,Warrior,25,640,166,415,-305,138,4,Echo Of Chardok 25% L67 named/rare | Overseer Dal`guur 25% L57 | A Veteran Overseer 25% L56 | A Scarred Overseer 25% L55
chardok,21004,8451,a_Chokidai_Bloodhound,A Chokidai Bloodhound,A Chokidai Bloodhound,50,false,common primary candidate,53,Wolf,Warrior,50,640,-182,243,-274,0,2,A Chokidai Bloodhound 50% L53 | A Sarnak Slavedriver 50% L51
chardok,21005,8450,a_Chokidai_Bloodhound,A Chokidai Bloodhound,A Chokidai Bloodhound,100,false,common primary candidate,53,Wolf,Warrior,100,640,-362,-20,-277.25,490,1,A Chokidai Bloodhound 100% L53
chardok,21006,8449,a_Sarnak_Slavedriver,A Sarnak Slavedriver,A Sarnak Slavedriver,100,false,common primary candidate,51,Sarnak,Warrior,100,640,-419,112,-273.75,426,1,A Sarnak Slavedriver 100% L51
chardok,21007,8449,a_Sarnak_Slavedriver,A Sarnak Slavedriver,A Sarnak Slavedriver,100,false,common primary candidate,51,Sarnak,Warrior,100,640,-254,101,-273.5,0,1,A Sarnak Slavedriver 100% L51
chardok,21008,8449,a_Sarnak_Slavedriver,A Sarnak Slavedriver,A Sarnak Slavedriver,100,false,common primary candidate,51,Sarnak,Warrior,100,640,-150,4,-273.5,412,1,A Sarnak Slavedriver 100% L51
chardok,21009,8449,a_Sarnak_Slavedriver,A Sarnak Slavedriver,A Sarnak Slavedriver,100,false,common primary candidate,51,Sarnak,Warrior,100,640,-535,284,-283.5,104,1,A Sarnak Slavedriver 100% L51
chardok,21010,8448,a_Chokidai_Mangler,A Chokidai Mangler,A Sarnak Slavedriver,50,false,Common population mob despite semi-unique loot,51,Wolf,Warrior,50,640,-407,65,-273.5,348,2,A Chokidai Mangler 50% L51 | A Sarnak Slavedriver 50% L51
chardok,21011,8448,a_Chokidai_Mangler,A Chokidai Mangler,A Sarnak Slavedriver,50,false,Common population mob despite semi-unique loot,51,Wolf,Warrior,50,640,-202,73,-277.25,292,2,A Chokidai Mangler 50% L51 | A Sarnak Slavedriver 50% L51
chardok,21012,8448,a_Chokidai_Mangler,A Chokidai Mangler,A Sarnak Slavedriver,50,false,Common population mob despite semi-unique loot,51,Wolf,Warrior,50,640,-443,122,-273.5,106,2,A Chokidai Mangler 50% L51 | A Sarnak Slavedriver 50% L51
chardok,21013,8448,a_Chokidai_Mangler,A Chokidai Mangler,A Sarnak Slavedriver,50,false,Common population mob despite semi-unique loot,51,Wolf,Warrior,50,640,-480,-336,-213.630005,0,2,A Chokidai Mangler 50% L51 | A Sarnak Slavedriver 50% L51
chardok,21014,8448,a_Chokidai_Mangler,A Chokidai Mangler,A Sarnak Slavedriver,50,false,Common population mob despite semi-unique loot,51,Wolf,Warrior,50,640,-561,-279,-217.380005,116,2,A Chokidai Mangler 50% L51 | A Sarnak Slavedriver 50% L51
chardok,21015,8448,a_Chokidai_Mangler,A Chokidai Mangler,A Sarnak Slavedriver,50,false,Common population mob despite semi-unique loot,51,Wolf,Warrior,50,640,-212,139,-286.630005,0,2,A Chokidai Mangler 50% L51 | A Sarnak Slavedriver 50% L51
chardok,21016,8448,a_Chokidai_Mangler,A Chokidai Mangler,A Sarnak Slavedriver,50,false,Common population mob despite semi-unique loot,51,Wolf,Warrior,50,640,-39,-163,-293.630005,210,2,A Chokidai Mangler 50% L51 | A Sarnak Slavedriver 50% L51
chardok,21017,8448,a_Chokidai_Mangler,A Chokidai Mangler,A Sarnak Slavedriver,50,false,Common population mob despite semi-unique loot,51,Wolf,Warrior,50,640,-24,-310.880005,-297.25,382,2,A Chokidai Mangler 50% L51 | A Sarnak Slavedriver 50% L51
chardok,21018,8448,a_Chokidai_Mangler,A Chokidai Mangler,A Sarnak Slavedriver,50,false,Common population mob despite semi-unique loot,51,Wolf,Warrior,50,640,-213.880005,46,-277.25,136,2,A Chokidai Mangler 50% L51 | A Sarnak Slavedriver 50% L51
chardok,21019,8448,a_Chokidai_Mangler,A Chokidai Mangler,A Sarnak Slavedriver,50,false,Common population mob despite semi-unique loot,51,Wolf,Warrior,50,640,-491.880005,208.880005,-286.5,0,2,A Chokidai Mangler 50% L51 | A Sarnak Slavedriver 50% L51
chardok,21020,8448,a_Chokidai_Mangler,A Chokidai Mangler,A Sarnak Slavedriver,50,false,Common population mob despite semi-unique loot,51,Wolf,Warrior,50,640,-532,-337,-213.630005,0,2,A Chokidai Mangler 50% L51 | A Sarnak Slavedriver 50% L51
chardok,21021,8448,a_Chokidai_Mangler,A Chokidai Mangler,A Sarnak Slavedriver,50,false,Common population mob despite semi-unique loot,51,Wolf,Warrior,50,640,-495,-284,-213.630005,244,2,A Chokidai Mangler 50% L51 | A Sarnak Slavedriver 50% L51
chardok,21022,8447,a_Sarnak_Overseer,A Sarnak Overseer,A Sarnak Overseer,50,false,common primary candidate,55,Sarnak,Warrior,50,640,-497,-42,-253,430,2,A Sarnak Overseer 50% L55 | A Sarnak Slavedriver 50% L51
chardok,21023,8446,a_Di`zok_Captain,A Di`zok Captain,Watch Captain Hir`roul,25,true,unique named loot overrides spawn footprint,55,Sarnak,Warrior,25,640,-15,-202,-133,392,4,A Di`zok Captain 25% L55 named/rare | Watch Captain Hir`roul 25% L54 named/rare | A Di`zok Dragoon 25% L53 | A Reanimated Dragoon 25% L53
chardok,21024,8445,a_Chokidai_Bonesnapper,A Chokidai Bonesnapper,A Chokidai Bonesnapper,50,false,common primary candidate,55,Wolf,Warrior,50,640,-455,-127,-237.25,418,2,A Chokidai Bonesnapper 50% L55 | A Chokidai Mangler 50% L51
chardok,21025,8445,a_Chokidai_Bonesnapper,A Chokidai Bonesnapper,A Chokidai Bonesnapper,50,false,common primary candidate,55,Wolf,Warrior,50,640,35.880001,-260,-296.630005,336,2,A Chokidai Bonesnapper 50% L55 | A Chokidai Mangler 50% L51
chardok,21026,8444,a_Di`zok_Partisan,A Di`zok Partisan,A Reanimated Conscript,50,false,low-spawn-count candidate with meaningful loot,49,Sarnak,Warrior,50,640,-97,-136,-141.5,214,2,A Di`zok Partisan 50% L49 | A Reanimated Conscript 50% L47
chardok,21027,8443,a_Di`zok_Partisan,A Di`zok Partisan,A Shai`din Soultrapper,50,false,low-spawn-count candidate with meaningful loot,49,Sarnak,Warrior,50,640,27,-135,-105.5,0,2,A Di`zok Partisan 50% L49 | A Shai`din Soultrapper 50% L44
chardok,21028,8442,a_Sarnak_Overseer,A Sarnak Overseer,A Sarnak Overseer,50,false,common primary candidate,55,Sarnak,Warrior,50,640,-391,-256,-206.25,154,2,A Sarnak Overseer 50% L55 | A Chokidai Mangler 50% L51
chardok,21029,8441,a_Sarnak_Slavemaster,A Sarnak Slavemaster,A Sarnak Slavemaster,50,false,common primary candidate,53,Sarnak,Warrior,50,640,-185,287,-278,358,2,A Sarnak Slavemaster 50% L53 | A Chokidai Mangler 50% L51
chardok,21030,8441,a_Sarnak_Slavemaster,A Sarnak Slavemaster,A Sarnak Slavemaster,50,false,common primary candidate,53,Sarnak,Warrior,50,640,-303,-286,-197.380005,0,2,A Sarnak Slavemaster 50% L53 | A Chokidai Mangler 50% L51
chardok,21031,8441,a_Sarnak_Slavemaster,A Sarnak Slavemaster,A Sarnak Slavemaster,50,false,common primary candidate,53,Sarnak,Warrior,50,640,-298,-243,-195,254,2,A Sarnak Slavemaster 50% L53 | A Chokidai Mangler 50% L51
chardok,21032,8441,a_Sarnak_Slavemaster,A Sarnak Slavemaster,A Sarnak Slavemaster,50,false,common primary candidate,53,Sarnak,Warrior,50,640,-224.880005,-109.879997,-277.25,492,2,A Sarnak Slavemaster 50% L53 | A Chokidai Mangler 50% L51
chardok,21033,8440,a_Shai`din_Nightfear,A Shai`din Nightfear,A Shai`din Nightfear,50,false,common primary candidate,49,Sarnak,Necromancer,50,640,155,-94,-72.879997,0,2,A Shai`din Nightfear 50% L49 | A Di`zok Conscript 50% L47
chardok,21034,8440,a_Shai`din_Nightfear,A Shai`din Nightfear,A Shai`din Nightfear,50,false,common primary candidate,49,Sarnak,Necromancer,50,640,68,-78,-93,202,2,A Shai`din Nightfear 50% L49 | A Di`zok Conscript 50% L47
chardok,21035,8439,a_Di`zok_Partisan,A Di`zok Partisan,A Chokidai Growler,50,false,low-spawn-count candidate with meaningful loot,49,Sarnak,Warrior,50,640,-222,-187,-183.25,144,2,A Di`zok Partisan 50% L49 | A Chokidai Growler 50% L44
chardok,21036,8439,a_Di`zok_Partisan,A Di`zok Partisan,A Chokidai Growler,50,false,low-spawn-count candidate with meaningful loot,49,Sarnak,Warrior,50,640,240,140,41.880001,242,2,A Di`zok Partisan 50% L49 | A Chokidai Growler 50% L44
chardok,21037,8438,a_Di`zok_Conscript,A Di`zok Conscript,A Shai`din Soultrapper,50,false,low-spawn-count candidate with meaningful loot,47,Sarnak,Warrior,50,640,282,-53,-29.629999,254,2,A Di`zok Conscript 50% L47 | A Shai`din Soultrapper 50% L44
chardok,21038,8438,a_Di`zok_Conscript,A Di`zok Conscript,A Shai`din Soultrapper,50,false,low-spawn-count candidate with meaningful loot,47,Sarnak,Warrior,50,640,254,129,17.629999,0,2,A Di`zok Conscript 50% L47 | A Shai`din Soultrapper 50% L44
chardok,21039,8437,a_Di`zok_Partisan,A Di`zok Partisan,A Shai`din Conscript,50,false,low-spawn-count candidate with meaningful loot,49,Sarnak,Warrior,50,640,-171,-194,-163.880005,6,2,A Di`zok Partisan 50% L49 | A Shai`din Conscript 50% L44
chardok,21040,8437,a_Di`zok_Partisan,A Di`zok Partisan,A Shai`din Conscript,50,false,low-spawn-count candidate with meaningful loot,49,Sarnak,Warrior,50,640,375,73,75.5,128,2,A Di`zok Partisan 50% L49 | A Shai`din Conscript 50% L44
chardok,21041,8436,a_Di`zok_Partisan,A Di`zok Partisan,A Di`zok Invoker,50,false,low-spawn-count candidate with meaningful loot,49,Sarnak,Warrior,50,640,-144,-155,-154,120,2,A Di`zok Partisan 50% L49 | A Di`zok Invoker 50% L44
chardok,21042,8435,a_Chokidai_Tearer,A Chokidai Tearer,A Chokidai Tearer,100,false,common primary candidate,49,Wolf,Warrior,100,640,-75.129997,-180.5,-139.75,314.75,1,A Chokidai Tearer 100% L49
chardok,21043,8434,a_Di`zok_Conscript,A Di`zok Conscript,A Chokidai Growler,50,false,low-spawn-count candidate with meaningful loot,47,Sarnak,Warrior,50,640,284,165,34.75,0,2,A Di`zok Conscript 50% L47 | A Chokidai Growler 50% L44
chardok,21044,8434,a_Di`zok_Conscript,A Di`zok Conscript,A Chokidai Growler,50,false,low-spawn-count candidate with meaningful loot,47,Sarnak,Warrior,50,640,295,84,42.380001,48,2,A Di`zok Conscript 50% L47 | A Chokidai Growler 50% L44
chardok,21045,8433,a_Shai`din_Partisan,A Shai`din Partisan,A Shai`din Partisan,50,false,common primary candidate,49,Sarnak,Warrior,50,640,-33,-133,-129.5,180,2,A Shai`din Partisan 50% L49 | A Chokidai Growler 50% L44
chardok,21046,8432,a_Di`zok_Channeler,A Di`zok Channeler,A Di`zok Channeler,50,false,common primary candidate,49,Sarnak,Wizard,50,640,380,255,75.5,248,2,A Di`zok Channeler 50% L49 | A Di`zok Partisan 50% L49
chardok,21047,8431,a_Di`zok_Channeler,A Di`zok Channeler,A Di`zok Channeler,100,false,common primary candidate,49,Sarnak,Wizard,100,640,89,-64,-89.75,254,1,A Di`zok Channeler 100% L49
chardok,21048,8430,Herald_Telcha,Herald Telcha,Herald Telcha,100,true,named/rare candidate,4,Sarnak,Warrior,100,640,860.380005,-31.75,103,260,1,Herald Telcha 100% L4 named/rare
chardok,21049,8429,a_Veteran_Drillmaster,A Veteran Drillmaster,Drill Master Dih`roul,20,true,unique named loot overrides spawn footprint,55,Sarnak,Warrior,80,640,-96.879997,-207,-272.899994,504,2,A Veteran Drillmaster 80% L55 | Drill Master Dih`roul 20% L54 named/rare
chardok,21050,8428,a_Shai`din_Nightfear,A Shai`din Nightfear,A Shai`din Nightfear,50,false,common primary candidate,49,Sarnak,Necromancer,50,640,187,-44,-65.25,200,2,A Shai`din Nightfear 50% L49 | A Reanimated Conscript 50% L47
chardok,21051,8427,a_Shai`din_Soultrapper,A Shai`din Soultrapper,A Shai`din Soultrapper,100,false,common primary candidate,44,Sarnak,Necromancer,100,640,198,-73,-61.25,48,1,A Shai`din Soultrapper 100% L44
chardok,21052,8426,a_Di`zok_Conscript,A Di`zok Conscript,A Di`zok Conscript,100,false,common primary candidate,47,Sarnak,Warrior,100,640,290,-37,-25.75,0,1,A Di`zok Conscript 100% L47
chardok,21053,8425,a_Di`zok_Conscript,A Di`zok Conscript,A Reanimated Conscript,50,false,low-spawn-count candidate with meaningful loot,47,Sarnak,Warrior,50,640,336,30,-4.88,382,2,A Di`zok Conscript 50% L47 | A Reanimated Conscript 50% L47
chardok,21054,8425,a_Di`zok_Conscript,A Di`zok Conscript,A Reanimated Conscript,50,false,low-spawn-count candidate with meaningful loot,47,Sarnak,Warrior,50,640,-55,4,-104.879997,254,2,A Di`zok Conscript 50% L47 | A Reanimated Conscript 50% L47
chardok,21055,8425,a_Di`zok_Conscript,A Di`zok Conscript,A Reanimated Conscript,50,false,low-spawn-count candidate with meaningful loot,47,Sarnak,Warrior,50,640,-14.88,-22.879999,4.38,92,2,A Di`zok Conscript 50% L47 | A Reanimated Conscript 50% L47
chardok,21056,8425,a_Di`zok_Conscript,A Di`zok Conscript,A Reanimated Conscript,50,false,low-spawn-count candidate with meaningful loot,47,Sarnak,Warrior,50,640,178.880005,86,24.129999,440,2,A Di`zok Conscript 50% L47 | A Reanimated Conscript 50% L47
chardok,21057,8424,a_Shai`din_Partisan,A Shai`din Partisan,A Shai`din Partisan,50,false,common primary candidate,49,Sarnak,Warrior,50,640,286,67,3.88,86,2,A Shai`din Partisan 50% L49 | A Di`zok Conscript 50% L47
chardok,21058,8423,a_Di`zok_Partisan,A Di`zok Partisan,A Di`zok Conscript,50,false,highest chance common mob,49,Sarnak,Warrior,50,640,262,195,25.25,100,2,A Di`zok Partisan 50% L49 | A Di`zok Conscript 50% L47
chardok,21059,8422,a_Di`zok_Recruit,A Di`zok Recruit,A Di`zok Recruit,50,false,common primary candidate,45,Sarnak,Warrior,50,640,541,317,79.5,254,2,A Di`zok Recruit 50% L45 | A Chokidai Whelp 50% L42
chardok,21060,8422,a_Di`zok_Recruit,A Di`zok Recruit,A Di`zok Recruit,50,false,common primary candidate,45,Sarnak,Warrior,50,640,385,21,55.630001,180,2,A Di`zok Recruit 50% L45 | A Chokidai Whelp 50% L42
chardok,21061,8422,a_Di`zok_Recruit,A Di`zok Recruit,A Di`zok Recruit,50,false,common primary candidate,45,Sarnak,Warrior,50,640,684,-38,104.879997,164,2,A Di`zok Recruit 50% L45 | A Chokidai Whelp 50% L42
chardok,21063,8421,a_Di`zok_Recruit,A Di`zok Recruit,A Di`zok Recruit,100,false,common primary candidate,45,Sarnak,Warrior,100,640,460,188,58.880001,0,1,A Di`zok Recruit 100% L45
chardok,21064,8421,a_Di`zok_Recruit,A Di`zok Recruit,A Di`zok Recruit,100,false,common primary candidate,45,Sarnak,Warrior,100,640,859.130005,195.380005,104.879997,234,1,A Di`zok Recruit 100% L45
chardok,21065,8420,a_Reanimated_Partisan,A Reanimated Partisan,A Reanimated Partisan,50,false,common primary candidate,49,Sarnak,Warrior,50,640,295,151.880005,44.25,254,2,A Reanimated Partisan 50% L49 | A Chokidai Growler 50% L44
chardok,21066,8420,a_Reanimated_Partisan,A Reanimated Partisan,A Reanimated Partisan,50,false,common primary candidate,49,Sarnak,Warrior,50,640,378,149,74.25,394,2,A Reanimated Partisan 50% L49 | A Chokidai Growler 50% L44
chardok,21067,8419,a_Chokidai_Sniffer,A Chokidai Sniffer,A Di`zok Underling,50,false,low-spawn-count candidate with meaningful loot,45,Wolf,Warrior,50,640,448,224,52.380001,222,2,A Chokidai Sniffer 50% L45 | A Di`zok Underling 50% L43
chardok,21068,8419,a_Chokidai_Sniffer,A Chokidai Sniffer,A Di`zok Underling,50,false,low-spawn-count candidate with meaningful loot,45,Wolf,Warrior,50,640,777,4,102.379997,0,2,A Chokidai Sniffer 50% L45 | A Di`zok Underling 50% L43
chardok,21069,8419,a_Chokidai_Sniffer,A Chokidai Sniffer,A Di`zok Underling,50,false,low-spawn-count candidate with meaningful loot,45,Wolf,Warrior,50,640,720,156.880005,96.379997,284,2,A Chokidai Sniffer 50% L45 | A Di`zok Underling 50% L43
chardok,21070,8418,a_Di`zok_Underling,A Di`zok Underling,A Di`zok Underling,50,false,common primary candidate,43,Sarnak,Warrior,50,640,415,144,54.880001,126,2,A Di`zok Underling 50% L43 | A Chokidai Whelp 50% L42
chardok,21072,8417,a_Chokidai_Sniffer,A Chokidai Sniffer,A Chokidai Sniffer,100,false,common primary candidate,45,Wolf,Warrior,100,640,479.880005,232.880005,62.400002,142,1,A Chokidai Sniffer 100% L45
chardok,21073,8417,a_Chokidai_Sniffer,A Chokidai Sniffer,A Chokidai Sniffer,100,false,common primary candidate,45,Wolf,Warrior,100,640,417,-2,60.630001,420,1,A Chokidai Sniffer 100% L45
chardok,21074,8416,a_Chokidai_Sniffer,A Chokidai Sniffer,A Chokidai Whelp,50,false,low-spawn-count candidate with meaningful loot,45,Wolf,Warrior,50,640,717,-51,102.379997,0,2,A Chokidai Sniffer 50% L45 | A Chokidai Whelp 50% L42
chardok,21075,8416,a_Chokidai_Sniffer,A Chokidai Sniffer,A Chokidai Whelp,50,false,low-spawn-count candidate with meaningful loot,45,Wolf,Warrior,50,640,498,-84,62.380001,2,2,A Chokidai Sniffer 50% L45 | A Chokidai Whelp 50% L42
chardok,21076,8416,a_Chokidai_Sniffer,A Chokidai Sniffer,A Chokidai Whelp,50,false,low-spawn-count candidate with meaningful loot,45,Wolf,Warrior,50,640,499,-54,62.380001,0,2,A Chokidai Sniffer 50% L45 | A Chokidai Whelp 50% L42
chardok,21077,8416,a_Chokidai_Sniffer,A Chokidai Sniffer,A Chokidai Whelp,50,false,low-spawn-count candidate with meaningful loot,45,Wolf,Warrior,50,640,717,128,96.629997,0,2,A Chokidai Sniffer 50% L45 | A Chokidai Whelp 50% L42
chardok,21078,8415,a_Reanimated_Partisan,A Reanimated Partisan,A Shai`din Nightfear,50,false,low-spawn-count candidate with meaningful loot,49,Sarnak,Warrior,50,640,374,89,74.879997,392,2,A Reanimated Partisan 50% L49 | A Shai`din Nightfear 50% L49
chardok,21079,8414,a_Shai`din_Nightfear,A Shai`din Nightfear,A Shai`din Nightfear,50,false,common primary candidate,49,Sarnak,Necromancer,50,640,327,106,44.880001,128,2,A Shai`din Nightfear 50% L49 | A Shai`din Soultrapper 50% L44
chardok,21080,8413,a_Di`zok_Partisan,A Di`zok Partisan,A Shai`din Nightfear,50,false,low-spawn-count candidate with meaningful loot,49,Sarnak,Warrior,50,640,327,131,44.880001,128,2,A Di`zok Partisan 50% L49 | A Shai`din Nightfear 50% L49
chardok,21081,8412,a_Chokidai_Sniffer,A Chokidai Sniffer,A Di`zok Recruit,50,false,low-spawn-count candidate with meaningful loot,45,Wolf,Warrior,50,640,602,262,93.25,0,2,A Chokidai Sniffer 50% L45 | A Di`zok Recruit 50% L45
chardok,21082,8411,a_Di`zok_Partisan,A Di`zok Partisan,A Reanimated Partisan,50,false,low-spawn-count candidate with meaningful loot,49,Sarnak,Warrior,50,640,241,114,45.25,110,2,A Di`zok Partisan 50% L49 | A Reanimated Partisan 50% L49
chardok,21083,8411,a_Di`zok_Partisan,A Di`zok Partisan,A Reanimated Partisan,50,false,low-spawn-count candidate with meaningful loot,49,Sarnak,Warrior,50,640,-238,-17,-13,254,2,A Di`zok Partisan 50% L49 | A Reanimated Partisan 50% L49
chardok,21084,8410,a_Chokidai_Mangler,A Chokidai Mangler,A Sarnak Slavedriver,50,false,Common population mob despite semi-unique loot,51,Wolf,Warrior,50,640,-14.88,-197.880005,-297.25,328,2,A Chokidai Mangler 50% L51 | A Sarnak Slavedriver 50% L51
chardok,21085,8410,a_Chokidai_Mangler,A Chokidai Mangler,A Sarnak Slavedriver,50,false,Common population mob despite semi-unique loot,51,Wolf,Warrior,50,640,-303.880005,1.88,-277.25,190,2,A Chokidai Mangler 50% L51 | A Sarnak Slavedriver 50% L51
chardok,21086,8410,a_Chokidai_Mangler,A Chokidai Mangler,A Sarnak Slavedriver,50,false,Common population mob despite semi-unique loot,51,Wolf,Warrior,50,640,39.880001,-245,-297.25,344,2,A Chokidai Mangler 50% L51 | A Sarnak Slavedriver 50% L51
chardok,21087,8409,an_off_duty_Pitboss,An Off Duty Pitboss,An Off Duty Pitboss,50,false,common primary candidate,55,Sarnak,Warrior,50,640,390.880005,-49.880001,-292.880005,133,2,An Off Duty Pitboss 50% L55 | An Off Duty Slavemaster 50% L53
chardok,21088,8409,an_off_duty_Pitboss,An Off Duty Pitboss,An Off Duty Pitboss,50,false,common primary candidate,55,Sarnak,Warrior,50,640,393,-89,-293.5,402,2,An Off Duty Pitboss 50% L55 | An Off Duty Slavemaster 50% L53
chardok,21089,8408,an_off_duty_Scribe,An Off Duty Scribe,An Off Duty Researcher,50,false,low-spawn-count candidate with meaningful loot,55,Sarnak,Wizard,50,640,127.879997,-35,-292.25,254,2,An Off Duty Scribe 50% L55 | An Off Duty Researcher 50% L53
chardok,21090,8408,an_off_duty_Scribe,An Off Duty Scribe,An Off Duty Researcher,50,false,low-spawn-count candidate with meaningful loot,55,Sarnak,Wizard,50,640,337,-119,-274.130005,154,2,An Off Duty Scribe 50% L55 | An Off Duty Researcher 50% L53
chardok,21091,8408,an_off_duty_Scribe,An Off Duty Scribe,An Off Duty Researcher,50,false,low-spawn-count candidate with meaningful loot,55,Sarnak,Wizard,50,640,304,-49,-271.5,424,2,An Off Duty Scribe 50% L55 | An Off Duty Researcher 50% L53
chardok,21092,8407,a_Chokidai_Growler,A Chokidai Growler,A Di`zok Invoker,50,false,low-spawn-count candidate with meaningful loot,44,Wolf,Warrior,50,640,-57,-84,-94.879997,118,2,A Chokidai Growler 50% L44 | A Di`zok Invoker 50% L44
chardok,21093,8406,a_Chokidai_Growler,A Chokidai Growler,A Shai`din Soultrapper,50,false,low-spawn-count candidate with meaningful loot,44,Wolf,Warrior,50,640,-85,23,2.5,340,2,A Chokidai Growler 50% L44 | A Shai`din Soultrapper 50% L44
chardok,21094,8406,a_Chokidai_Growler,A Chokidai Growler,A Shai`din Soultrapper,50,false,low-spawn-count candidate with meaningful loot,44,Wolf,Warrior,50,640,156,55,23.75,0,2,A Chokidai Growler 50% L44 | A Shai`din Soultrapper 50% L44
chardok,21095,8405,a_Shai`din_Soldier,A Shai`din Soldier,A Di`zok Soldier,33,false,low-spawn-count candidate with meaningful loot,47,Sarnak,Shadowknight,34,640,-84,-21,5,414,3,A Shai`din Soldier 34% L47 | A Di`zok Evoker 33% L49 | A Di`zok Soldier 33% L47
chardok,21096,8405,a_Shai`din_Soldier,A Shai`din Soldier,A Di`zok Soldier,33,false,low-spawn-count candidate with meaningful loot,47,Sarnak,Shadowknight,34,640,-150,-214,-102.879997,382,3,A Shai`din Soldier 34% L47 | A Di`zok Evoker 33% L49 | A Di`zok Soldier 33% L47
chardok,21097,8404,a_Di`zok_Partisan,A Di`zok Partisan,A Shai`din Partisan,50,false,low-spawn-count candidate with meaningful loot,49,Sarnak,Warrior,50,640,-11.88,19.879999,5.63,138,2,A Di`zok Partisan 50% L49 | A Shai`din Partisan 50% L49
chardok,21098,8404,a_Di`zok_Partisan,A Di`zok Partisan,A Shai`din Partisan,50,false,low-spawn-count candidate with meaningful loot,49,Sarnak,Warrior,50,640,86,-2,5,12,2,A Di`zok Partisan 50% L49 | A Shai`din Partisan 50% L49
chardok,21099,8403,a_Shai`din_Partisan,A Shai`din Partisan,A Di`zok Invoker,50,false,low-spawn-count candidate with meaningful loot,49,Sarnak,Warrior,50,640,63,15,5,180,2,A Shai`din Partisan 50% L49 | A Di`zok Invoker 50% L44
chardok,21100,8402,a_Reanimated_Partisan,A Reanimated Partisan,A Reanimated Partisan,50,false,common primary candidate,49,Sarnak,Warrior,50,640,163.880005,33,25,0,2,A Reanimated Partisan 50% L49 | A Reanimated Conscript 50% L47
chardok,21101,8401,#Tani_Cogswin,Tani Cogswin,Tani Cogswin,100,true,named/rare candidate,30,Gnome,Warrior,100,640,39,37,-98,81,1,Tani Cogswin 100% L30 named/rare
chardok,21102,8400,a_Chokidai_Bonesnapper,A Chokidai Bonesnapper,A Chokidai Bonesnapper,50,false,common primary candidate,55,Wolf,Warrior,50,640,-290.880005,-63.880001,-273.5,70,2,A Chokidai Bonesnapper 50% L55 | A Sarnak Slavemaster 50% L53
chardok,21103,8399,a_Sarnak_Slavemaster,A Sarnak Slavemaster,A Sarnak Slavemaster,100,false,common primary candidate,53,Sarnak,Warrior,100,640,-260.880005,16.879999,-273.5,254,1,A Sarnak Slavemaster 100% L53
chardok,21104,8398,a_Sad_Ratman_Slave,A Sad Ratman Slave,A Smelly Slave,16,false,low-spawn-count candidate with meaningful loot,8,Rat,Warrior,20,640,-511,-279,-214.880005,0,6,A Sad Ratman Slave 20% L8 | An Angry Slave 16% L8 | An Insane Slave 16% L8 | A Gruff Slave 16% L8 | A Muddy Slave 16% L8 | A Smelly Slave 16% L8
chardok,21105,8398,a_Sad_Ratman_Slave,A Sad Ratman Slave,A Smelly Slave,16,false,low-spawn-count candidate with meaningful loot,8,Rat,Warrior,20,640,-499,413,-284.75,0,6,A Sad Ratman Slave 20% L8 | An Angry Slave 16% L8 | An Insane Slave 16% L8 | A Gruff Slave 16% L8 | A Muddy Slave 16% L8 | A Smelly Slave 16% L8
chardok,21106,8397,a_Chokidai_Bloodhound,A Chokidai Bloodhound,A Chokidai Bloodhound,50,false,common primary candidate,53,Wolf,Warrior,50,640,-126,-361,-297.25,88,2,A Chokidai Bloodhound 50% L53 | A Chokidai Mangler 50% L51
chardok,21107,8396,a_Shai`din_Soldier,A Shai`din Soldier,A Shai`din Bonecollector,33,false,low-spawn-count candidate with meaningful loot,47,Sarnak,Shadowknight,34,640,-166,-269,-114.879997,162,3,A Shai`din Soldier 34% L47 | A Reanimated Partisan 33% L49 | A Shai`din Bonecollector 33% L47
chardok,21108,8396,a_Shai`din_Soldier,A Shai`din Soldier,A Shai`din Bonecollector,33,false,low-spawn-count candidate with meaningful loot,47,Sarnak,Shadowknight,34,640,-292,-18,-14.88,186,3,A Shai`din Soldier 34% L47 | A Reanimated Partisan 33% L49 | A Shai`din Bonecollector 33% L47
chardok,21109,8395,a_Shai`din_Soldier,A Shai`din Soldier,A Di`zok Follower,33,false,low-spawn-count candidate with meaningful loot,47,Sarnak,Shadowknight,34,640,-201,-232,-92,442,3,A Shai`din Soldier 34% L47 | A Di`zok Follower 33% L49 | A Reanimated Partisan 33% L49
chardok,21110,8394,a_Chokidai_Wardog,A Chokidai Wardog,A Chokidai Wardog,50,false,common primary candidate,53,Wolf,Warrior,50,640,-182.880005,-381,-117.379997,446,2,A Chokidai Wardog 50% L53 | A Di`zok Legionnaire 50% L49
chardok,21111,8394,a_Chokidai_Wardog,A Chokidai Wardog,A Chokidai Wardog,50,false,common primary candidate,53,Wolf,Warrior,50,640,89,-285,-113.379997,302,2,A Chokidai Wardog 50% L53 | A Di`zok Legionnaire 50% L49
chardok,21112,8393,a_Shai`din_Soldier,A Shai`din Soldier,A Shai`din Bonecollector,33,false,low-spawn-count candidate with meaningful loot,47,Sarnak,Shadowknight,34,640,-249,-195,-86,292,3,A Shai`din Soldier 34% L47 | A Reanimated Conscript 33% L47 | A Shai`din Bonecollector 33% L47
chardok,21113,8393,a_Shai`din_Soldier,A Shai`din Soldier,A Shai`din Bonecollector,33,false,low-spawn-count candidate with meaningful loot,47,Sarnak,Shadowknight,34,640,-346,-211,-64.879997,0,3,A Shai`din Soldier 34% L47 | A Reanimated Conscript 33% L47 | A Shai`din Bonecollector 33% L47
chardok,21114,8392,a_Di`zok_Legionnaire,A Di`zok Legionnaire,A Di`zok Legionnaire,100,false,common primary candidate,49,Sarnak,Warrior,100,640,-182,-406,-114.25,468,1,A Di`zok Legionnaire 100% L49
chardok,21115,8391,a_Shai`din_Soldier,A Shai`din Soldier,A Shai`din Bonecollector,33,false,low-spawn-count candidate with meaningful loot,47,Sarnak,Shadowknight,34,640,-298,-185,-69.629997,280,3,A Shai`din Soldier 34% L47 | A Shai`din Follower 33% L49 | A Shai`din Bonecollector 33% L47
chardok,21116,8390,a_Di`zok_Revealer,A Di`zok Revealer,A Di`zok Revealer,50,false,common primary candidate,51,Sarnak,Wizard,50,640,-314,-224,-69.129997,0,2,A Di`zok Revealer 50% L51 | A Chokidai Tearer 50% L49
chardok,21117,8389,a_Chokidai_Tearer,A Chokidai Tearer,A Shai`din Hemlock,50,false,low-spawn-count candidate with meaningful loot,49,Wolf,Warrior,50,640,-374,-118,-54.880001,142,2,A Chokidai Tearer 50% L49 | A Shai`din Hemlock 50% L49
chardok,21118,8388,a_Shai`din_Soldier,A Shai`din Soldier,A Di`zok Follower,33,false,low-spawn-count candidate with meaningful loot,47,Sarnak,Shadowknight,34,640,-312,-70,-30.25,132,3,A Shai`din Soldier 34% L47 | A Di`zok Follower 33% L49 | A Di`zok Soldier 33% L47
chardok,21119,8387,a_Di`zok_Conscript,A Di`zok Conscript,A Di`zok Invoker,50,false,low-spawn-count candidate with meaningful loot,47,Sarnak,Warrior,50,640,-252,-64,-14.88,374,2,A Di`zok Conscript 50% L47 | A Di`zok Invoker 50% L44
chardok,21120,8386,a_Dizok_Observer,A Dizok Observer,Observer Aq`touz,30,true,unique named loot overrides spawn footprint,55,Sarnak,Wizard,70,640,-306.880005,-30,-12.38,136,2,A Dizok Observer 70% L55 | Observer Aq`touz 30% L52 named/rare
chardok,21121,8385,Ancient_Guardian,Ancient Guardian,The Bridge Keeper,20,false,Site rare loot source,57,Sarnak,Warrior,80,640,-97.879997,-299,-114.25,126,2,Ancient Guardian 80% L57 named/rare | The Bridge Keeper 20% L57
chardok,21122,8384,a_Reanimated_Dragoon,A Reanimated Dragoon,An Iksar Betrayer,10,false,Epic item source,53,Sarnak,Warrior,45,640,-26,-325,-114.25,276,3,A Reanimated Dragoon 45% L53 | A Di`zok Legionnaire 45% L49 | An Iksar Betrayer 10% L56
chardok,21123,8383,a_Di`zok_Dragoon,A Di`zok Dragoon,A Di`zok Dragoon,50,false,common primary candidate,53,Sarnak,Warrior,50,640,-78.879997,-381.880005,-114.879997,254,2,A Di`zok Dragoon 50% L53 | A Reanimated Dragoon 50% L53
chardok,21124,8383,a_Di`zok_Dragoon,A Di`zok Dragoon,A Di`zok Dragoon,50,false,common primary candidate,53,Sarnak,Warrior,50,640,-4,-186,-134.880005,356,2,A Di`zok Dragoon 50% L53 | A Reanimated Dragoon 50% L53
chardok,21125,8383,a_Di`zok_Dragoon,A Di`zok Dragoon,A Di`zok Dragoon,50,false,common primary candidate,53,Sarnak,Warrior,50,640,-44,-374.880005,-113.629997,0,2,A Di`zok Dragoon 50% L53 | A Reanimated Dragoon 50% L53
chardok,21126,8382,a_Reanimated_Dragoon,A Reanimated Dragoon,A Chokidai Fleshripper,50,false,low-spawn-count candidate with meaningful loot,53,Sarnak,Warrior,50,640,128,-296,-114.75,344,2,A Reanimated Dragoon 50% L53 | A Chokidai Fleshripper 50% L49
chardok,21127,8382,a_Reanimated_Dragoon,A Reanimated Dragoon,A Chokidai Fleshripper,50,false,low-spawn-count candidate with meaningful loot,53,Sarnak,Warrior,50,640,-83.879997,-555.880005,-114.879997,12,2,A Reanimated Dragoon 50% L53 | A Chokidai Fleshripper 50% L49
chardok,21128,8381,a_Chokidai_Wardog,A Chokidai Wardog,A Chokidai Wardog,100,false,common primary candidate,53,Wolf,Warrior,100,640,-14.88,-300,-117.5,370,1,A Chokidai Wardog 100% L53
chardok,21129,8380,Queen_Velazul_Di`zok,Queen Velazul Di`zok,Queen Velazul Di`zok,100,true,named/rare candidate,62,Sarnak,Shaman,100,7200,990,-1081,-259.630005,0,1,Queen Velazul Di`zok 100% L62 named/rare
chardok,21130,8379,Overking_Bathezid,Overking Bathezid,Overking Bathezid,100,true,named/rare candidate,65,Sarnak,Wizard,100,7200,960,-839,-271.630005,256,1,Overking Bathezid 100% L65 named/rare
chardok,21131,8378,an_Imperial_Courier,An Imperial Courier,Korucust`s Courier,20,true,unique named loot overrides spawn footprint,56,Sarnak,Shadowknight,80,640,-331,-608,-138.130005,0,2,An Imperial Courier 80% L56 | Korucust`s Courier 20% L56 named/rare
chardok,21132,8377,a_Di`zok_Aruspex,A Di`zok Aruspex,A Di`zok Seer,20,true,named candidate with drops,55,Sarnak,Wizard,20,640,-277.630005,-607.5,-143,52,5,A Di`zok Aruspex 20% L55 | A Di`zok Jannisary 20% L55 | A Shai`din Bloodomen 20% L55 | A Shai`din Jannisary 20% L55 | A Di`zok Seer 20% L53 named/rare
chardok,21133,8376,#Echo_of_Chardok,Echo Of Chardok,Echo Of Chardok,17,true,named/rare candidate,67,Sarnak,Warrior,17,640,-329,-507,-138.630005,234,6,Echo Of Chardok 17% L67 named/rare | A Di`zok Aruspex 17% L55 | A Shai`din Myrmidon 17% L55 | A Di`zok Seer 17% L53 named/rare | A Di`zok Warlord 16% L56 named/rare | A Di`zok Myrmidon 16% L55
chardok,21134,8375,a_Shai`din_Warlord,A Shai`din Warlord,A Di`zok Seer,16,true,named candidate with drops,56,Sarnak,Shadowknight,20,640,-289,-506,-143.880005,240,6,A Shai`din Warlord 20% L56 named/rare | A Di`zok Aruspex 16% L55 | A Di`zok Myrmidon 16% L55 | A Shai`din Bloodomen 16% L55 | A Shai`din Myrmidon 16% L55 | A Di`zok Seer 16% L53 named/rare
chardok,21135,8375,a_Shai`din_Warlord,A Shai`din Warlord,A Di`zok Seer,16,true,named candidate with drops,56,Sarnak,Shadowknight,20,640,-337,-560,-135.380005,100,6,A Shai`din Warlord 20% L56 named/rare | A Di`zok Aruspex 16% L55 | A Di`zok Myrmidon 16% L55 | A Shai`din Bloodomen 16% L55 | A Shai`din Myrmidon 16% L55 | A Di`zok Seer 16% L53 named/rare
chardok,21136,8374,an_Ancient_Guardian,An Ancient Guardian,A Di`zok Guardian,50,true,named candidate with drops,56,Sarnak,Warrior,50,640,-224,-596,-129.130005,0,2,An Ancient Guardian 50% L56 named/rare | A Di`zok Guardian 50% L55 named/rare
chardok,21137,8374,an_Ancient_Guardian,An Ancient Guardian,A Di`zok Guardian,50,true,named candidate with drops,56,Sarnak,Warrior,50,640,684,-505,-136.809464,389.25,2,An Ancient Guardian 50% L56 named/rare | A Di`zok Guardian 50% L55 named/rare
chardok,21138,8373,a_Di`zok_Guardian,A Di`zok Guardian,A Di`zok Guardian,100,true,named/rare candidate,55,Sarnak,Warrior,100,640,-233,-521,-130.75,214,1,A Di`zok Guardian 100% L55 named/rare
chardok,21139,8373,a_Di`zok_Guardian,A Di`zok Guardian,A Di`zok Guardian,100,true,named/rare candidate,55,Sarnak,Warrior,100,640,-319,-525,-166.130005,252,1,A Di`zok Guardian 100% L55 named/rare
chardok,21140,8372,a_Lesser_Guardian,A Lesser Guardian,A Lesser Guardian,100,true,named/rare candidate,53,Sarnak,Warrior,100,640,-50,-522,-116.75,408,1,A Lesser Guardian 100% L53 named/rare
chardok,21141,8372,a_Lesser_Guardian,A Lesser Guardian,A Lesser Guardian,100,true,named/rare candidate,53,Sarnak,Warrior,100,640,-105.879997,-515,-116.75,136,1,A Lesser Guardian 100% L53 named/rare
chardok,21142,8371,a_Chokidai_Fleshripper,A Chokidai Fleshripper,A Chokidai Fleshripper,50,false,common primary candidate,49,Wolf,Warrior,50,640,-106,-551,-117.379997,28,2,A Chokidai Fleshripper 50% L49 | A Di`zok Legionnaire 50% L49
chardok,21143,8370,judicator_of_Di`zok,Judicator Of Di`zok,Judicator Of Di`zok,34,true,named/rare candidate,53,Sarnak,Shaman,34,640,990,-1058.25,-259,511,3,Judicator Of Di`zok 34% L53 named/rare | Di`zok Royal Guard 33% L52 | Sorcerer Of Di`zok 33% L52 named/rare
chardok,21144,8369,sorcerer_of_Di`zok,Sorcerer Of Di`zok,Sorcerer Of Di`zok,100,true,named/rare candidate,52,Sarnak,Wizard,100,1500,960.25,-940.75,-264.25,36,1,Sorcerer Of Di`zok 100% L52 named/rare
chardok,21145,8369,sorcerer_of_Di`zok,Sorcerer Of Di`zok,Sorcerer Of Di`zok,100,true,named/rare candidate,52,Sarnak,Wizard,100,640,1243.75,-577.75,-154.25,130.75,1,Sorcerer Of Di`zok 100% L52 named/rare
chardok,21146,8368,judicator_of_Di`zok,Judicator Of Di`zok,Judicator Of Di`zok,100,true,named/rare candidate,53,Sarnak,Shaman,100,1500,960.25,-908.380005,-264.25,511,1,Judicator Of Di`zok 100% L53 named/rare
chardok,21147,8368,judicator_of_Di`zok,Judicator Of Di`zok,Judicator Of Di`zok,100,true,named/rare candidate,53,Sarnak,Shaman,100,1500,924.630005,-880.130005,-264.25,251,1,Judicator Of Di`zok 100% L53 named/rare
chardok,21148,8368,judicator_of_Di`zok,Judicator Of Di`zok,Judicator Of Di`zok,100,true,named/rare candidate,53,Sarnak,Shaman,100,640,1000.5,-839.380005,-188.630005,141.75,1,Judicator Of Di`zok 100% L53 named/rare
chardok,21149,8368,judicator_of_Di`zok,Judicator Of Di`zok,Judicator Of Di`zok,100,true,named/rare candidate,53,Sarnak,Shaman,100,640,1300,-514.25,-154.25,238.25,1,Judicator Of Di`zok 100% L53 named/rare
chardok,21150,8367,Di`zok_royal_guard,Di`zok Royal Guard,Di`zok Royal Guard,50,false,common primary candidate,53,Sarnak,Warrior,50,640,960.25,-924.880005,-264.25,18.25,2,Di`zok Royal Guard 50% L53 | Sorcerer Of Di`zok 50% L53 named/rare
chardok,21151,8367,Di`zok_royal_guard,Di`zok Royal Guard,Di`zok Royal Guard,50,false,common primary candidate,53,Sarnak,Warrior,50,640,976.880005,-1084.75,-260.25,4,2,Di`zok Royal Guard 50% L53 | Sorcerer Of Di`zok 50% L53 named/rare
chardok,21152,8367,Di`zok_royal_guard,Di`zok Royal Guard,Di`zok Royal Guard,50,false,common primary candidate,53,Sarnak,Warrior,50,640,882,-778,-203,255,2,Di`zok Royal Guard 50% L53 | Sorcerer Of Di`zok 50% L53 named/rare
chardok,21153,8366,Di`zok_royal_guard,Di`zok Royal Guard,Judicator Of Di`zok,50,true,unique named loot overrides spawn footprint,52,Sarnak,Warrior,50,640,1025.130005,-1065.25,-261,489,2,Di`zok Royal Guard 50% L52 | Judicator Of Di`zok 50% L52 named/rare
chardok,21154,8365,judicator_of_Di`zok,Judicator Of Di`zok,Judicator Of Di`zok,50,true,named/rare candidate,54,Sarnak,Shaman,50,640,969.380005,-994.5,-264.25,262.5,2,Judicator Of Di`zok 50% L54 named/rare | Sorcerer Of Di`zok 50% L49 named/rare
chardok,21155,8364,Di`zok_royal_guard,Di`zok Royal Guard,Sorcerer Of Di`zok,50,true,named candidate with drops,52,Sarnak,Warrior,50,640,954.380005,-1064.380005,-262.25,33.5,2,Di`zok Royal Guard 50% L52 | Sorcerer Of Di`zok 50% L52 named/rare
chardok,21156,8364,Di`zok_royal_guard,Di`zok Royal Guard,Sorcerer Of Di`zok,50,true,named candidate with drops,52,Sarnak,Warrior,50,640,972.380005,-458.5,-154.25,320.75,2,Di`zok Royal Guard 50% L52 | Sorcerer Of Di`zok 50% L52 named/rare
chardok,21157,8363,Di`zok_royal_guard,Di`zok Royal Guard,Di`zok Royal Guard,50,false,common primary candidate,53,Sarnak,Warrior,50,1500,943.25,-854.5,-272.880005,126.75,2,Di`zok Royal Guard 50% L53 | Di`zok Royal Guard 50% L52
chardok,21158,8363,Di`zok_royal_guard,Di`zok Royal Guard,Di`zok Royal Guard,50,false,common primary candidate,53,Sarnak,Warrior,50,640,1205.380005,-543.880005,-153,387,2,Di`zok Royal Guard 50% L53 | Di`zok Royal Guard 50% L52
chardok,21159,8363,Di`zok_royal_guard,Di`zok Royal Guard,Di`zok Royal Guard,50,false,common primary candidate,53,Sarnak,Warrior,50,640,1063.880005,-493.5,-153,386.75,2,Di`zok Royal Guard 50% L53 | Di`zok Royal Guard 50% L52
chardok,21160,8363,Di`zok_royal_guard,Di`zok Royal Guard,Di`zok Royal Guard,50,false,common primary candidate,53,Sarnak,Warrior,50,640,927.75,-610.130005,-133,128.5,2,Di`zok Royal Guard 50% L53 | Di`zok Royal Guard 50% L52
chardok,21161,8362,Di`zok_royal_guard,Di`zok Royal Guard,Di`zok Royal Guard,50,false,common primary candidate,54,Sarnak,Warrior,50,1500,994.380005,-895,-264.25,388.5,2,Di`zok Royal Guard 50% L54 | Sorcerer Of Di`zok 50% L52 named/rare
chardok,21162,8362,Di`zok_royal_guard,Di`zok Royal Guard,Di`zok Royal Guard,50,false,common primary candidate,54,Sarnak,Warrior,50,640,915,-904,-203,6,2,Di`zok Royal Guard 50% L54 | Sorcerer Of Di`zok 50% L52 named/rare
chardok,21163,8361,judicator_of_Di`zok,Judicator Of Di`zok,Judicator Of Di`zok,50,true,unique named loot overrides spawn footprint,53,Sarnak,Shaman,50,1500,995.5,-880.630005,-264.25,421,2,Judicator Of Di`zok 50% L53 named/rare | Judicator Of Di`zok 50% L52 named/rare
chardok,21164,8361,judicator_of_Di`zok,Judicator Of Di`zok,Judicator Of Di`zok,50,true,unique named loot overrides spawn footprint,53,Sarnak,Shaman,50,640,877.25,-580.380005,-134.25,130.5,2,Judicator Of Di`zok 50% L53 named/rare | Judicator Of Di`zok 50% L52 named/rare
chardok,21165,8360,Di`zok_royal_guard,Di`zok Royal Guard,Di`zok Royal Guard,50,false,common primary candidate,53,Sarnak,Warrior,50,1500,993.380005,-910.130005,-263,386.5,2,Di`zok Royal Guard 50% L53 | Judicator Of Di`zok 50% L52 named/rare
chardok,21166,8360,Di`zok_royal_guard,Di`zok Royal Guard,Di`zok Royal Guard,50,false,common primary candidate,53,Sarnak,Warrior,50,640,1234.380005,-649.130005,-156.25,386.5,2,Di`zok Royal Guard 50% L53 | Judicator Of Di`zok 50% L52 named/rare
chardok,21167,8360,Di`zok_royal_guard,Di`zok Royal Guard,Di`zok Royal Guard,50,false,common primary candidate,53,Sarnak,Warrior,50,640,1064.630005,-564.75,-154.25,450.25,2,Di`zok Royal Guard 50% L53 | Judicator Of Di`zok 50% L52 named/rare
chardok,21168,8359,judicator_of_Di`zok,Judicator Of Di`zok,Judicator Of Di`zok,50,true,named/rare candidate,53,Sarnak,Shaman,50,1500,975.25,-855,-272.880005,389.25,2,Judicator Of Di`zok 50% L53 named/rare | Di`zok Royal Guard 50% L52
chardok,21169,8359,judicator_of_Di`zok,Judicator Of Di`zok,Judicator Of Di`zok,50,true,named/rare candidate,53,Sarnak,Shaman,50,640,1233.130005,-489.75,-155,390.75,2,Judicator Of Di`zok 50% L53 named/rare | Di`zok Royal Guard 50% L52
chardok,21170,8358,sorcerer_of_Di`zok,Sorcerer Of Di`zok,Sorcerer Of Di`zok,50,true,named candidate with drops,54,Sarnak,Wizard,50,1500,925.5,-909.75,-264.25,131,2,Sorcerer Of Di`zok 50% L54 named/rare | Sorcerer Of Di`zok 50% L53 named/rare
chardok,21171,8358,sorcerer_of_Di`zok,Sorcerer Of Di`zok,Sorcerer Of Di`zok,50,true,named candidate with drops,54,Sarnak,Wizard,50,640,1313,-544.380005,-154.25,390,2,Sorcerer Of Di`zok 50% L54 named/rare | Sorcerer Of Di`zok 50% L53 named/rare
chardok,21172,8358,sorcerer_of_Di`zok,Sorcerer Of Di`zok,Sorcerer Of Di`zok,50,true,named candidate with drops,54,Sarnak,Wizard,50,640,1200,-674.380005,-156.25,6,2,Sorcerer Of Di`zok 50% L54 named/rare | Sorcerer Of Di`zok 50% L53 named/rare
chardok,21173,8357,sorcerer_of_Di`zok,Sorcerer Of Di`zok,Di`zok Royal Guard,50,false,unique named loot overrides spawn footprint,54,Sarnak,Wizard,50,1500,925.5,-894.880005,-264.25,132.75,2,Sorcerer Of Di`zok 50% L54 named/rare | Di`zok Royal Guard 50% L53
chardok,21174,8357,sorcerer_of_Di`zok,Sorcerer Of Di`zok,Di`zok Royal Guard,50,false,unique named loot overrides spawn footprint,54,Sarnak,Wizard,50,640,1115.630005,-806.130005,-174.25,128.75,2,Sorcerer Of Di`zok 50% L54 named/rare | Di`zok Royal Guard 50% L53
chardok,21175,8357,sorcerer_of_Di`zok,Sorcerer Of Di`zok,Di`zok Royal Guard,50,false,unique named loot overrides spawn footprint,54,Sarnak,Wizard,50,640,877.380005,-457,-133,139.5,2,Sorcerer Of Di`zok 50% L54 named/rare | Di`zok Royal Guard 50% L53
chardok,21176,8357,sorcerer_of_Di`zok,Sorcerer Of Di`zok,Di`zok Royal Guard,50,false,unique named loot overrides spawn footprint,54,Sarnak,Wizard,50,640,890.25,-444.630005,-133,255.25,2,Sorcerer Of Di`zok 50% L54 named/rare | Di`zok Royal Guard 50% L53
chardok,21177,8357,sorcerer_of_Di`zok,Sorcerer Of Di`zok,Di`zok Royal Guard,50,false,unique named loot overrides spawn footprint,54,Sarnak,Wizard,50,640,977.25,-633.75,-133,511,2,Sorcerer Of Di`zok 50% L54 named/rare | Di`zok Royal Guard 50% L53
chardok,21178,8356,sorcerer_of_Di`zok,Sorcerer Of Di`zok,Sorcerer Of Di`zok,50,true,named candidate with drops,54,Sarnak,Wizard,50,640,881,-904,-204.25,508,2,Sorcerer Of Di`zok 50% L54 named/rare | Sorcerer Of Di`zok 50% L52 named/rare
chardok,21179,8356,sorcerer_of_Di`zok,Sorcerer Of Di`zok,Sorcerer Of Di`zok,50,true,named candidate with drops,54,Sarnak,Wizard,50,640,1279.75,-604.75,-154.25,3.25,2,Sorcerer Of Di`zok 50% L54 named/rare | Sorcerer Of Di`zok 50% L52 named/rare
chardok,21180,8355,judicator_of_Di`zok,Judicator Of Di`zok,Judicator Of Di`zok,50,true,named/rare candidate,54,Sarnak,Shaman,50,640,930,-778,-204.25,312,2,Judicator Of Di`zok 50% L54 named/rare | Sorcerer Of Di`zok 50% L52 named/rare
chardok,21181,8354,judicator_of_Di`zok,Judicator Of Di`zok,Judicator Of Di`zok,100,true,named/rare candidate,49,Sarnak,Shaman,100,640,889.630005,-791.380005,-204.25,469,1,Judicator Of Di`zok 100% L49 named/rare
chardok,21182,8353,Loremaster_Piza`tak,Loremaster Piza`tak,Loremaster Piza`tak,45,true,named/rare candidate,58,Sarnak,Warrior,45,640,975,-819,-213.630005,251.5,3,Loremaster Piza`tak 45% L58 named/rare | An Apprentice Lorekeeper 45% L56 | Grand Lorekeeper Kino Shai`din 10% L58 named/rare
chardok,21183,8352,a_Dizok_Researcher,A Dizok Researcher,A Royal Library Guard,50,false,low-spawn-count candidate with meaningful loot,55,Sarnak,Wizard,50,640,984,-788,-213,0,2,A Dizok Researcher 50% L55 | A Royal Library Guard 50% L55
chardok,21184,8352,a_Dizok_Researcher,A Dizok Researcher,A Royal Library Guard,50,false,low-spawn-count candidate with meaningful loot,55,Sarnak,Wizard,50,640,983,-792,-173.630005,254,2,A Dizok Researcher 50% L55 | A Royal Library Guard 50% L55
chardok,21185,8351,Di`zok_royal_guard,Di`zok Royal Guard,Di`zok Royal Guard,34,false,common primary candidate,48,Sarnak,Warrior,34,640,980.380005,-838.75,-176.25,386.75,3,Di`zok Royal Guard 34% L48 | Sorcerer Of Di`zok 33% L54 named/rare | Judicator Of Di`zok 33% L53 named/rare
chardok,21186,8350,a_Dizok_Researcher,A Dizok Researcher,A Shai`din Savant,50,false,low-spawn-count candidate with meaningful loot,55,Sarnak,Wizard,50,640,1070,-890,-213.630005,20,2,A Dizok Researcher 50% L55 | A Shai`din Savant 50% L55
chardok,21187,8349,a_Shai`din_Savant,A Shai`din Savant,A Shai`din Savant,100,false,common primary candidate,55,Sarnak,Necromancer,100,640,1071,-786,-213.630005,242,1,A Shai`din Savant 100% L55
chardok,21188,8348,a_Dizok_Researcher,A Dizok Researcher,A Dizok Researcher,100,false,common primary candidate,55,Sarnak,Wizard,100,640,1081,-848,-213.630005,408,1,A Dizok Researcher 100% L55
chardok,21189,8347,a_Di`zok_Librarian,A Di`zok Librarian,A Di`zok Librarian,50,false,common primary candidate,55,Sarnak,Wizard,50,640,977,-859,-213.630005,126,2,A Dizok Researcher 50% L55 | A Di`zok Librarian 50% L55
chardok,21190,8346,a_Di`zok_Librarian,A Di`zok Librarian,A Di`zok Sage,50,true,named candidate with drops,55,Sarnak,Wizard,50,640,983,-884,-173.630005,62,2,A Di`zok Librarian 50% L55 | A Di`zok Sage 50% L55 named/rare
chardok,21191,8346,a_Di`zok_Librarian,A Di`zok Librarian,A Di`zok Sage,50,true,named candidate with drops,55,Sarnak,Wizard,50,640,1067,-826,-173.630005,128,2,A Di`zok Librarian 50% L55 | A Di`zok Sage 50% L55 named/rare
chardok,21192,8345,Di`zok_royal_guard,Di`zok Royal Guard,Di`zok Royal Guard,100,false,common primary candidate,54,Sarnak,Warrior,100,640,1144.25,-806.5,-173,391.75,1,Di`zok Royal Guard 100% L54
chardok,21193,8345,Di`zok_royal_guard,Di`zok Royal Guard,Di`zok Royal Guard,100,false,common primary candidate,54,Sarnak,Warrior,100,640,1206.5,-579.880005,-153,387.75,1,Di`zok Royal Guard 100% L54
chardok,21194,8344,a_Royal_Library_Guard,A Royal Library Guard,A Royal Library Guard,100,false,common primary candidate,55,Sarnak,Warrior,100,640,1067,-851,-173,126,1,A Royal Library Guard 100% L55
chardok,21195,8343,an_Imperial_Defender,An Imperial Defender,An Imperial Defender,100,false,common primary candidate,55,Sarnak,Warrior,100,640,1145,-748,-173,400,1,An Imperial Defender 100% L55
chardok,21196,8343,an_Imperial_Defender,An Imperial Defender,An Imperial Defender,100,false,common primary candidate,55,Sarnak,Warrior,100,640,1114,-777,-173,126,1,An Imperial Defender 100% L55
chardok,21197,8343,an_Imperial_Defender,An Imperial Defender,An Imperial Defender,100,false,common primary candidate,55,Sarnak,Warrior,100,640,1145,-777,-173,412,1,An Imperial Defender 100% L55
chardok,21198,8343,an_Imperial_Defender,An Imperial Defender,An Imperial Defender,100,false,common primary candidate,55,Sarnak,Warrior,100,640,1114,-748,-173,118,1,An Imperial Defender 100% L55
chardok,21199,8342,Prince_Selrach_Di`zok,Prince Selrach Di`zok,Prince Selrach Di`zok,97,true,named/rare candidate,61,Sarnak,Warrior,97,7200,1360,-560,-142.380005,385,2,Prince Selrach Di`zok 97% L61 named/rare | The Fabled Prince Selrach Di`zok 0% L71 named/rare
chardok,21200,8341,Di`zok_royal_guard,Di`zok Royal Guard,Di`zok Royal Guard,50,false,common primary candidate,53,Sarnak,Warrior,50,640,1009.75,-994.25,-264.25,259.25,2,Di`zok Royal Guard 50% L53 | Judicator Of Di`zok 50% L53 named/rare
chardok,21201,8340,an_Imperial_Advisor,An Imperial Advisor,Grand Advisor Zum`uul,50,true,unique named loot overrides spawn footprint,55,Sarnak,Necromancer,50,640,1002,-1084,-259.630005,4,2,An Imperial Advisor 50% L55 | Grand Advisor Zum`uul 50% L55 named/rare
chardok,21202,8339,sorcerer_of_Di`zok,Sorcerer Of Di`zok,Judicator Of Di`zok,50,true,unique named loot overrides spawn footprint,53,Sarnak,Wizard,50,640,1313.25,-575.25,-154.25,384.5,2,Sorcerer Of Di`zok 50% L53 named/rare | Judicator Of Di`zok 50% L52 named/rare
chardok,21203,8339,sorcerer_of_Di`zok,Sorcerer Of Di`zok,Judicator Of Di`zok,50,true,unique named loot overrides spawn footprint,53,Sarnak,Wizard,50,640,1299,-605.75,-154.25,7.75,2,Sorcerer Of Di`zok 50% L53 named/rare | Judicator Of Di`zok 50% L52 named/rare
chardok,21204,8338,judicator_of_Di`zok,Judicator Of Di`zok,Judicator Of Di`zok,100,true,named/rare candidate,52,Sarnak,Shaman,100,640,1244.380005,-543.75,-156.809464,130.5,1,Judicator Of Di`zok 100% L52 named/rare
chardok,21205,8337,sorcerer_of_Di`zok,Sorcerer Of Di`zok,Sorcerer Of Di`zok,50,true,named/rare candidate,54,Sarnak,Wizard,50,640,1280.75,-513.25,-153,258.75,2,Sorcerer Of Di`zok 50% L54 named/rare | Di`zok Royal Guard 50% L52
chardok,21206,8336,sorcerer_of_Di`zok,Sorcerer Of Di`zok,Judicator Of Di`zok,50,true,unique named loot overrides spawn footprint,54,Sarnak,Wizard,50,640,1190.130005,-443.630005,-156.25,269,2,Sorcerer Of Di`zok 50% L54 named/rare | Judicator Of Di`zok 50% L53 named/rare
chardok,21207,8336,sorcerer_of_Di`zok,Sorcerer Of Di`zok,Judicator Of Di`zok,50,true,unique named loot overrides spawn footprint,54,Sarnak,Wizard,50,640,969.75,-580.25,-154.25,451.5,2,Sorcerer Of Di`zok 50% L54 named/rare | Judicator Of Di`zok 50% L53 named/rare
chardok,21208,8335,Di`zok_royal_guard,Di`zok Royal Guard,Di`zok Royal Guard,50,false,common primary candidate,53,Sarnak,Warrior,50,640,1210.25,-443.380005,-155,265,2,Di`zok Royal Guard 50% L53 | Sorcerer Of Di`zok 50% L48 named/rare
chardok,21209,8334,judicator_of_Di`zok,Judicator Of Di`zok,Judicator Of Di`zok,50,true,named/rare candidate,54,Sarnak,Shaman,50,640,1235.75,-631.5,-156.25,388.5,2,Judicator Of Di`zok 50% L54 named/rare | Judicator Of Di`zok 50% L53 named/rare
chardok,21210,8333,judicator_of_Di`zok,Judicator Of Di`zok,Judicator Of Di`zok,50,true,named/rare candidate,54,Sarnak,Shaman,50,640,1035.130005,-615.130005,-154.25,194.5,2,Judicator Of Di`zok 50% L54 named/rare | Di`zok Royal Guard 50% L52
chardok,21211,8332,a_Sarnak_aruspex,A Sarnak Aruspex,A Sarnak Templar,33,false,low-spawn-count candidate with meaningful loot,47,Sarnak,Wizard,34,640,815,-593,-135.5,251,3,A Sarnak Aruspex 34% L47 | A Sarnak Templar 33% L49 | A Chardoki Golem 33% L44
chardok,21212,8331,Di`zok_royal_guard,Di`zok Royal Guard,Di`zok Royal Guard,50,false,common primary candidate,54,Sarnak,Warrior,50,640,1074.5,-624.5,-154.25,384,2,Di`zok Royal Guard 50% L54 | Judicator Of Di`zok 50% L54 named/rare
chardok,21213,8330,a_Sarnak_aruspex,A Sarnak Aruspex,A Sarnak Janissary,33,false,low-spawn-count candidate with meaningful loot,47,Sarnak,Wizard,34,640,815,-609,-133.630005,504,3,A Sarnak Aruspex 34% L47 | A Sarnak Myrmidon 33% L52 | A Sarnak Janissary 33% L49
chardok,21214,8329,Di`zok_royal_guard,Di`zok Royal Guard,Di`zok Royal Guard,50,false,common primary candidate,54,Sarnak,Warrior,50,640,890.25,-593.630005,-133,4.75,2,Di`zok Royal Guard 50% L54 | Di`zok Royal Guard 50% L53
chardok,21215,8328,Di`zok_royal_guard,Di`zok Royal Guard,Councilman Buzdarloan Iii,20,true,unique named loot overrides spawn footprint,52,Sarnak,Warrior,80,640,974.75,-504.380005,-153,386.25,2,Di`zok Royal Guard 80% L52 | Councilman Buzdarloan Iii 20% L60 named/rare
chardok,21216,8327,Councilman_Garkerok_III,Councilman Garkerok Iii,Councilman Garkerok Iii,50,true,named/rare candidate,60,Sarnak,Warrior,50,640,974.5,-534.630005,-153,385.5,2,Councilman Garkerok Iii 50% L60 named/rare | Di`zok Royal Guard 50% L52
chardok,21217,8326,a_Sarnak_aruspice,A Sarnak Aruspice,A Sarnak Templar,25,false,low-spawn-count candidate with meaningful loot,50,Sarnak,Wizard,25,640,815,-429,-135.5,253,4,A Sarnak Aruspice 25% L50 | A Sarnak Aruspex 25% L47 | A Chardoki Golem 25% L46 | A Sarnak Templar 25% L45
chardok,21218,8325,Di`zok_royal_guard,Di`zok Royal Guard,Councilman Ysabrial Iii,20,true,unique named loot overrides spawn footprint,52,Sarnak,Warrior,80,640,933.880005,-535,-153,126.25,2,Di`zok Royal Guard 80% L52 | Councilman Ysabrial Iii 20% L60 named/rare
chardok,21219,8324,Di`zok_royal_guard,Di`zok Royal Guard,Councilman Laanari Iii,20,true,unique named loot overrides spawn footprint,52,Sarnak,Warrior,80,640,936.130005,-504.5,-153,133,2,Di`zok Royal Guard 80% L52 | Councilman Laanari Iii 20% L60 named/rare
chardok,21220,8323,Di`zok_royal_guard,Di`zok Royal Guard,Di`zok Royal Guard,100,false,common primary candidate,53,Sarnak,Warrior,100,640,854.5,-507.5,-133,382,1,Di`zok Royal Guard 100% L53
chardok,21221,8322,judicator_of_Di`zok,Judicator Of Di`zok,Judicator Of Di`zok,50,true,named/rare candidate,53,Sarnak,Shaman,50,640,854.75,-532,-134.25,383.25,2,Judicator Of Di`zok 50% L53 named/rare | Sorcerer Of Di`zok 50% L53 named/rare
chardok,21222,8321,a_crystal_shard_golem,A Crystal Shard Golem,An Imperial Construct,50,false,highest chance common mob,57,Sarnak,Warrior,50,640,792.880005,-519.880005,-134.25,380,2,An Imperial Construct 50% L57 | A Crystal Shard Golem 50% L57
chardok,21223,8320,Di`zok_elite_guard,Di`zok Elite Guard,Di`zok Elite Guard,100,false,common primary candidate,55,Sarnak,Warrior,100,640,685,-579,-133,381,1,Di`zok Elite Guard 100% L55
chardok,21224,8320,Di`zok_elite_guard,Di`zok Elite Guard,Di`zok Elite Guard,100,false,common primary candidate,55,Sarnak,Warrior,100,640,674,-477,-133,328,1,Di`zok Elite Guard 100% L55
chardok,21225,8320,Di`zok_elite_guard,Di`zok Elite Guard,Di`zok Elite Guard,100,false,common primary candidate,55,Sarnak,Warrior,100,640,684,-535,-136.809464,389.75,1,Di`zok Elite Guard 100% L55
chardok,21226,8319,an_imperial_construct,An Imperial Construct,An Imperial Construct,100,false,common primary candidate,55,Sarnak,Warrior,100,640,561,-609.880005,-135.5,443,1,An Imperial Construct 100% L55
chardok,21227,8319,an_imperial_construct,An Imperial Construct,An Imperial Construct,100,false,common primary candidate,55,Sarnak,Warrior,100,640,557.880005,-555,-135.5,330,1,An Imperial Construct 100% L55
chardok,21228,8318,an_Imperial_Gravemaster,An Imperial Gravemaster,An Imperial Gravemaster,80,false,common primary candidate,53,Sarnak,Warrior,80,640,428.880005,-621.880005,-134.25,0,2,An Imperial Gravemaster 80% L53 | Grave Master Zo`lun 20% L54 named/rare
chardok,21229,8317,a_Di`zok_Cryptmaster,A Di`zok Cryptmaster,A Di`zok Cryptmaster,100,false,common primary candidate,53,Sarnak,Necromancer,100,640,531,-620,-134.25,0,1,A Di`zok Cryptmaster 100% L53
chardok,21230,8317,a_Di`zok_Cryptmaster,A Di`zok Cryptmaster,A Di`zok Cryptmaster,100,false,common primary candidate,53,Sarnak,Necromancer,100,640,398.5,-552.380005,-134.25,289.25,1,A Di`zok Cryptmaster 100% L53
chardok,21231,8316,a_Reanimated_Berserker,A Reanimated Berserker,Wraith Of A Di`zok Hero,5,true,low chance only,55,Sarnak,Warrior,65,640,351.880005,-426.880005,-147.75,0,3,A Reanimated Berserker 65% L55 | A Reanimated Champion 30% L51 | Wraith Of A Di`zok Hero 5% L53 named/rare
chardok,21233,8316,a_Reanimated_Berserker,A Reanimated Berserker,Wraith Of A Di`zok Hero,5,true,low chance only,55,Sarnak,Warrior,65,640,372,-518.880005,-151.130005,172,3,A Reanimated Berserker 65% L55 | A Reanimated Champion 30% L51 | Wraith Of A Di`zok Hero 5% L53 named/rare
chardok,21234,8316,a_Reanimated_Berserker,A Reanimated Berserker,Wraith Of A Di`zok Hero,5,true,low chance only,55,Sarnak,Warrior,65,640,375.880005,-578.880005,-141.130005,0,3,A Reanimated Berserker 65% L55 | A Reanimated Champion 30% L51 | Wraith Of A Di`zok Hero 5% L53 named/rare
chardok,21235,8316,a_Reanimated_Berserker,A Reanimated Berserker,Wraith Of A Di`zok Hero,5,true,low chance only,55,Sarnak,Warrior,65,640,394.880005,-346,-122.629997,328,3,A Reanimated Berserker 65% L55 | A Reanimated Champion 30% L51 | Wraith Of A Di`zok Hero 5% L53 named/rare
chardok,21236,8315,a_Reanimated_Berserker,A Reanimated Berserker,A Reanimated Champion,50,false,highest chance common mob,55,Sarnak,Warrior,50,640,428,-425,-134.130005,0,2,A Reanimated Berserker 50% L55 | A Reanimated Champion 50% L51
chardok,21237,8314,a_Di`zok_Cryptmaster,A Di`zok Cryptmaster,A Di`zok Gravebinder,50,false,low-spawn-count candidate with meaningful loot,53,Sarnak,Necromancer,50,640,304.880005,-361.880005,-112.629997,0,2,A Di`zok Cryptmaster 50% L53 | A Di`zok Gravebinder 50% L51
chardok,21238,8314,a_Di`zok_Cryptmaster,A Di`zok Cryptmaster,A Di`zok Gravebinder,50,false,low-spawn-count candidate with meaningful loot,53,Sarnak,Necromancer,50,640,395.880005,-611.880005,-134.25,0,2,A Di`zok Cryptmaster 50% L53 | A Di`zok Gravebinder 50% L51
chardok,21239,8314,a_Di`zok_Cryptmaster,A Di`zok Cryptmaster,A Di`zok Gravebinder,50,false,low-spawn-count candidate with meaningful loot,53,Sarnak,Necromancer,50,640,455,-403,-124.25,366,2,A Di`zok Cryptmaster 50% L53 | A Di`zok Gravebinder 50% L51
chardok,21240,8314,a_Di`zok_Cryptmaster,A Di`zok Cryptmaster,A Di`zok Gravebinder,50,false,low-spawn-count candidate with meaningful loot,53,Sarnak,Necromancer,50,640,306.880005,-334,-113.129997,288,2,A Di`zok Cryptmaster 50% L53 | A Di`zok Gravebinder 50% L51
chardok,21241,8313,an_escaped_slave,An Escaped Slave,An Escaped Slave,100,false,common primary candidate,8,Froglok,Warrior,100,640,1,-29,-94.879997,0,1,An Escaped Slave 100% L8
chardok,21242,8312,an_escaped_slave,An Escaped Slave,An Escaped Slave,50,false,common primary candidate,8,Rat,Warrior,50,640,44,-28,-94.879997,432,2,An Escaped Slave 50% L8 | An Escaped Slave 50% L8
chardok,21243,8312,an_escaped_slave,An Escaped Slave,An Escaped Slave,50,false,common primary candidate,8,Rat,Warrior,50,640,-99,-38,-94,490,2,An Escaped Slave 50% L8 | An Escaped Slave 50% L8
chardok,21244,8312,an_escaped_slave,An Escaped Slave,An Escaped Slave,50,false,common primary candidate,8,Rat,Warrior,50,640,0,43,-94.879997,228,2,An Escaped Slave 50% L8 | An Escaped Slave 50% L8
chardok,21245,8311,a_Chokidai_Sunderfiend,A Chokidai Sunderfiend,A Chokidai Lasher,33,false,low-spawn-count candidate with meaningful loot,56,Wolf,Warrior,34,640,298.880005,404,-306.630005,0,3,A Chokidai Sunderfiend 34% L56 | A Chokidai Lasher 33% L55 | A Sarnak Pitboss 33% L55
chardok,21246,8311,a_Chokidai_Sunderfiend,A Chokidai Sunderfiend,A Chokidai Lasher,33,false,low-spawn-count candidate with meaningful loot,56,Wolf,Warrior,34,640,544,244,-306.630005,434,3,A Chokidai Sunderfiend 34% L56 | A Chokidai Lasher 33% L55 | A Sarnak Pitboss 33% L55
chardok,21247,8310,a_Sarnak_aruspex,A Sarnak Aruspex,A Sarnak Janissary,33,false,low-spawn-count candidate with meaningful loot,47,Sarnak,Wizard,34,640,815,-450,-135.5,504,3,A Sarnak Aruspex 34% L47 | A Sarnak Janissary 33% L47 | A Chardoki Golem 33% L44
chardok,21248,8309,Vault_Master_Shu`zo,Vault Master Shu`zo,Vault Master Shu`zo,100,true,named/rare candidate,4,Sarnak,Class 40,100,640,-124,-63,-253,100,1,Vault Master Shu`zo 100% L4 named/rare
chardok,21249,8308,Haggle_Baron_Dry`dn,Haggle Baron Dry`dn,Haggle Baron Dry`dn,100,true,named/rare candidate,40,Sarnak,Banker,100,640,351,-93,-293.5,0,1,Haggle Baron Dry`dn 100% L40 named/rare
chardok,21250,8307,a_Treasury_Guard,A Treasury Guard,A Treasury Guard,100,false,common primary candidate,51,Sarnak,Warrior,100,640,-55,-81.879997,-253.630005,446,1,A Treasury Guard 100% L51
chardok,21251,8307,a_Treasury_Guard,A Treasury Guard,A Treasury Guard,100,false,common primary candidate,51,Sarnak,Warrior,100,640,-226,-59,-253.630005,254,1,A Treasury Guard 100% L51
chardok,21252,8307,a_Treasury_Guard,A Treasury Guard,A Treasury Guard,100,false,common primary candidate,51,Sarnak,Warrior,100,640,-83.879997,-291.880005,-283.5,240,1,A Treasury Guard 100% L51
chardok,21253,8307,a_Treasury_Guard,A Treasury Guard,A Treasury Guard,100,false,common primary candidate,51,Sarnak,Warrior,100,640,-112.879997,-290.880005,-283.5,226,1,A Treasury Guard 100% L51
chardok,21254,8307,a_Treasury_Guard,A Treasury Guard,A Treasury Guard,100,false,common primary candidate,51,Sarnak,Warrior,100,640,-168.880005,-16,-253.630005,388,1,A Treasury Guard 100% L51
chardok,21255,8307,a_Treasury_Guard,A Treasury Guard,A Treasury Guard,100,false,common primary candidate,51,Sarnak,Warrior,100,640,-219.880005,-15,-253.630005,0,1,A Treasury Guard 100% L51
chardok,21256,8307,a_Treasury_Guard,A Treasury Guard,A Treasury Guard,100,false,common primary candidate,51,Sarnak,Warrior,100,640,-54,-34.880001,-253.630005,324,1,A Treasury Guard 100% L51
chardok,21257,8307,a_Treasury_Guard,A Treasury Guard,A Treasury Guard,100,false,common primary candidate,51,Sarnak,Warrior,100,640,-118.879997,-81,-253.630005,98,1,A Treasury Guard 100% L51
chardok,21258,8306,a_miserable_slave,A Miserable Slave,A Soggy Slave,50,false,low-spawn-count candidate with meaningful loot,8,Froglok,Warrior,50,640,125,496,-304.75,0,2,A Miserable Slave 50% L8 | A Soggy Slave 50% L8
chardok,21259,8305,a_sullen_slave,A Sullen Slave,A Sullen Slave,20,false,common primary candidate,8,Froglok,Warrior,20,640,479,423,-306.75,0,6,A Sullen Slave 20% L8 | An Angry Slave 16% L8 | An Insane Slave 16% L8 | An Unhappy Slave 16% L8 | A Gruff Slave 16% L8 | A Sad Ratman Slave 16% L8
chardok,21260,8304,a_Tortured_Iksar_Miner,A Tortured Iksar Miner,A Terrified Slave,20,false,low-spawn-count candidate with meaningful loot,56,Iksar,Warrior,20,640,511,236,-304.75,430,5,A Tortured Iksar Miner 20% L56 | An Insane Slave 20% L8 | A Skinny Slave 20% L8 | A Sullen Slave 20% L8 | A Terrified Slave 20% L8
chardok,21261,8303,a_sullen_slave,A Sullen Slave,A Miserable Slave,14,false,low-spawn-count candidate with meaningful loot,8,Froglok,Warrior,16,640,-353,145,-271.5,152,7,A Sullen Slave 16% L8 | An Insane Slave 14% L8 | A Gruff Slave 14% L8 | A Miserable Slave 14% L8 | A Sad Ratman Slave 14% L8 | A Skinny Slave 14% L8 | A Smelly Slave 14% L8
chardok,21262,8302,a_Sad_Ratman_Slave,A Sad Ratman Slave,A Tired Slave,33,false,low-spawn-count candidate with meaningful loot,8,Rat,Warrior,34,640,-520,-28,-254.880005,318,3,A Sad Ratman Slave 34% L8 | A Terrified Slave 33% L8 | A Tired Slave 33% L8
chardok,21263,8301,a_grumpy_slave,A Grumpy Slave,A Miserable Slave,20,false,low-spawn-count candidate with meaningful loot,8,Iksar,Warrior,20,640,-333,-248,-191.75,54,5,An Angry Slave 20% L8 | An Enraged Slave 20% L8 | A Grumpy Slave 20% L8 | A Miserable Slave 20% L8 | A Smelly Slave 20% L8
chardok,21264,8300,a_droopy_slave,A Droopy Slave,A Droopy Slave,20,false,common primary candidate,8,Rat,Warrior,20,640,-501,-191,-228.130005,106,5,An Angry Slave 20% L8 | An Insane Slave 20% L8 | A Droopy Slave 20% L8 | A Sad Slave 20% L8 | A Smelly Slave 20% L8
chardok,21265,8299,an_escaped_slave,An Escaped Slave,An Escaped Slave,100,false,common primary candidate,8,Iksar,Warrior,100,640,-93,83,-77.129997,278,1,An Escaped Slave 100% L8
chardok,21266,8298,a_grumpy_slave,A Grumpy Slave,A Miserable Slave,20,false,low-spawn-count candidate with meaningful loot,8,Iksar,Warrior,20,640,425,197,-304.75,470,5,An Angry Slave 20% L8 | An Insane Slave 20% L8 | A Grumpy Slave 20% L8 | A Miserable Slave 20% L8 | A Terrified Slave 20% L8
chardok,21267,8297,a_Tortured_Iksar_Miner,A Tortured Iksar Miner,A Tortured Iksar Miner,100,false,common primary candidate,56,Iksar,Warrior,100,640,418.880005,472,-305.5,440,1,A Tortured Iksar Miner 100% L56
chardok,21268,8297,a_Tortured_Iksar_Miner,A Tortured Iksar Miner,A Tortured Iksar Miner,100,false,common primary candidate,56,Iksar,Warrior,100,640,122,460,-303.5,0,1,A Tortured Iksar Miner 100% L56
chardok,21269,8297,a_Tortured_Iksar_Miner,A Tortured Iksar Miner,A Tortured Iksar Miner,100,false,common primary candidate,56,Iksar,Warrior,100,640,400,202,-303.5,316,1,A Tortured Iksar Miner 100% L56
chardok,21270,8297,a_Tortured_Iksar_Miner,A Tortured Iksar Miner,A Tortured Iksar Miner,100,false,common primary candidate,56,Iksar,Warrior,100,640,364,208,-303.5,200,1,A Tortured Iksar Miner 100% L56
chardok,21271,8297,a_Tortured_Iksar_Miner,A Tortured Iksar Miner,A Tortured Iksar Miner,100,false,common primary candidate,56,Iksar,Warrior,100,640,103,499,-303.5,218,1,A Tortured Iksar Miner 100% L56
chardok,21272,8297,a_Tortured_Iksar_Miner,A Tortured Iksar Miner,A Tortured Iksar Miner,100,false,common primary candidate,56,Iksar,Warrior,100,640,391.880005,486.880005,-305.5,74,1,A Tortured Iksar Miner 100% L56
chardok,21273,8297,a_Tortured_Iksar_Miner,A Tortured Iksar Miner,A Tortured Iksar Miner,100,false,common primary candidate,56,Iksar,Warrior,100,640,437,449.880005,-305.5,130,1,A Tortured Iksar Miner 100% L56
chardok,21274,8297,a_Tortured_Iksar_Miner,A Tortured Iksar Miner,A Tortured Iksar Miner,100,false,common primary candidate,56,Iksar,Warrior,100,640,516,339,-303.5,164,1,A Tortured Iksar Miner 100% L56
chardok,21275,8297,a_Tortured_Iksar_Miner,A Tortured Iksar Miner,A Tortured Iksar Miner,100,false,common primary candidate,56,Iksar,Warrior,100,640,74,461,-303.5,0,1,A Tortured Iksar Miner 100% L56
chardok,21276,8297,a_Tortured_Iksar_Miner,A Tortured Iksar Miner,A Tortured Iksar Miner,100,false,common primary candidate,56,Iksar,Warrior,100,640,442,491,-305.5,442,1,A Tortured Iksar Miner 100% L56
chardok,21277,8296,a_Chokidai_Sunderfiend,A Chokidai Sunderfiend,A Sarnak Foreman,33,false,low-spawn-count candidate with meaningful loot,56,Wolf,Warrior,34,640,547,169,-302.880005,424,3,A Chokidai Sunderfiend 34% L56 | A Sarnak Foreman 33% L56 | A Sarnak Pitboss 33% L55
chardok,21278,8296,a_Chokidai_Sunderfiend,A Chokidai Sunderfiend,A Sarnak Foreman,33,false,low-spawn-count candidate with meaningful loot,56,Wolf,Warrior,34,640,146,313,-295.5,146,3,A Chokidai Sunderfiend 34% L56 | A Sarnak Foreman 33% L56 | A Sarnak Pitboss 33% L55
chardok,21279,8296,a_Chokidai_Sunderfiend,A Chokidai Sunderfiend,A Sarnak Foreman,33,false,low-spawn-count candidate with meaningful loot,56,Wolf,Warrior,34,640,414,402,-302.880005,72,3,A Chokidai Sunderfiend 34% L56 | A Sarnak Foreman 33% L56 | A Sarnak Pitboss 33% L55
chardok,21280,8296,a_Chokidai_Sunderfiend,A Chokidai Sunderfiend,A Sarnak Foreman,33,false,low-spawn-count candidate with meaningful loot,56,Wolf,Warrior,34,640,519,164,-302.880005,214,3,A Chokidai Sunderfiend 34% L56 | A Sarnak Foreman 33% L56 | A Sarnak Pitboss 33% L55
chardok,21281,8296,a_Chokidai_Sunderfiend,A Chokidai Sunderfiend,A Sarnak Foreman,33,false,low-spawn-count candidate with meaningful loot,56,Wolf,Warrior,34,640,601,-48,-292.880005,0,3,A Chokidai Sunderfiend 34% L56 | A Sarnak Foreman 33% L56 | A Sarnak Pitboss 33% L55
chardok,21282,8295,an_apprentice_kennelmaster,An Apprentice Kennelmaster,Kennel Master Al`ele,30,true,unique named loot overrides spawn footprint,56,Sarnak,Warrior,70,640,581,-60,-292.880005,0,2,An Apprentice Kennelmaster 70% L56 | Kennel Master Al`ele 30% L56 named/rare
chardok,21283,8294,a_Sarnak_Foreman,A Sarnak Foreman,A Sarnak Whipcracker,50,false,low-spawn-count candidate with meaningful loot,56,Sarnak,Warrior,50,640,623,-32,-292.880005,390,2,A Sarnak Foreman 50% L56 | A Sarnak Whipcracker 50% L55
chardok,21284,8293,a_Chokidai_Mauler,A Chokidai Mauler,A Chokidai Mauler,100,false,common primary candidate,56,Wolf,Warrior,100,640,637,19,-306.630005,416,1,A Chokidai Mauler 100% L56
chardok,21285,8292,a_Chokidai_Mauler,A Chokidai Mauler,A Chokidai Pitfighter,50,false,highest chance common mob,56,Wolf,Warrior,50,640,517,25,-316.630005,318,2,A Chokidai Mauler 50% L56 | A Chokidai Pitfighter 50% L55
chardok,21286,8292,a_Chokidai_Mauler,A Chokidai Mauler,A Chokidai Pitfighter,50,false,highest chance common mob,56,Wolf,Warrior,50,640,636,34,-306.630005,382,2,A Chokidai Mauler 50% L56 | A Chokidai Pitfighter 50% L55
chardok,21287,8291,a_Chokidai_Pitfighter,A Chokidai Pitfighter,A Chokidai Pitfighter,100,false,common primary candidate,55,Wolf,Warrior,100,640,521,2,-316.630005,100,1,A Chokidai Pitfighter 100% L55
chardok,21288,8290,an_Imperial_Wardog,An Imperial Wardog,Deathfang,20,true,Site rare loot source,56,Wolf,Warrior,80,640,500,10,-316.630005,254,2,An Imperial Wardog 80% L56 | Deathfang 20% L56 named/rare
chardok,21289,8289,a_Sarnak_Dog_Handler,A Sarnak Dog Handler,A Sarnak Physician,50,false,low-spawn-count candidate with meaningful loot,55,Sarnak,Warrior,50,640,611,84,-297.880005,242,2,A Sarnak Dog Handler 50% L55 | A Sarnak Physician 50% L55
chardok,21290,8288,a_Sarnak_Dog_Handler,A Sarnak Dog Handler,A Sarnak Dog Handler,100,false,common primary candidate,55,Sarnak,Warrior,100,640,477,-22,-292.880005,126,1,A Sarnak Dog Handler 100% L55
chardok,21291,8288,a_Sarnak_Dog_Handler,A Sarnak Dog Handler,A Sarnak Dog Handler,100,false,common primary candidate,55,Sarnak,Warrior,100,640,536,45,-302.880005,254,1,A Sarnak Dog Handler 100% L55
chardok,21292,8288,a_Sarnak_Dog_Handler,A Sarnak Dog Handler,A Sarnak Dog Handler,100,false,common primary candidate,55,Sarnak,Warrior,100,640,542,-22,-302.880005,0,1,A Sarnak Dog Handler 100% L55
chardok,21293,8287,a_Sarnak_Physician,A Sarnak Physician,A Sarnak Physician,100,false,common primary candidate,55,Sarnak,Shaman,100,640,476,45,-293.5,118,1,A Sarnak Physician 100% L55
chardok,21294,8286,a_Sarnak_Manager,A Sarnak Manager,Sarnak Collective Auditor,20,true,Site rare loot source,55,Sarnak,Wizard,80,640,-104,-56,-253.630005,0,2,A Sarnak Manager 80% L55 | Sarnak Collective Auditor 20% L56 named/rare
chardok,21295,8285,a_sullen_slave,A Sullen Slave,A Miserable Slave,14,false,low-spawn-count candidate with meaningful loot,8,Froglok,Warrior,16,640,-99,-183,-266.880005,254,7,A Sullen Slave 16% L8 | An Angry Slave 14% L8 | An Enraged Slave 14% L8 | An Insane Slave 14% L8 | A Miserable Slave 14% L8 | A Sad Ratman Slave 14% L8 | A Shivering Slave 14% L8
chardok,21296,8284,a_Slaveblock_Guard,A Slaveblock Guard,A Slaveblock Guard,100,false,common primary candidate,51,Sarnak,Warrior,100,640,-78,-228,-273.5,0,1,A Slaveblock Guard 100% L51
chardok,21297,8283,a_Block_Foreman,A Block Foreman,Foreman Ku`lul,20,true,unique named loot overrides spawn footprint,55,Sarnak,Warrior,80,640,-123,-231,-272.880005,0,2,A Block Foreman 80% L55 | Foreman Ku`lul 20% L57 named/rare
chardok,21298,8282,an_off_duty_Accountant,An Off Duty Accountant,An Off Duty Slavemaster,50,false,highest chance common mob,56,Sarnak,Wizard,50,640,437,6,-293.5,256.75,2,An Off Duty Accountant 50% L56 | An Off Duty Slavemaster 50% L53
chardok,21299,8282,an_off_duty_Accountant,An Off Duty Accountant,An Off Duty Slavemaster,50,false,highest chance common mob,56,Sarnak,Wizard,50,640,436,-61,-293.5,0,2,An Off Duty Accountant 50% L56 | An Off Duty Slavemaster 50% L53
chardok,21300,8282,an_off_duty_Accountant,An Off Duty Accountant,An Off Duty Slavemaster,50,false,highest chance common mob,56,Sarnak,Wizard,50,640,239.880005,-34,-289.630005,246,2,An Off Duty Accountant 50% L56 | An Off Duty Slavemaster 50% L53
chardok,21301,8281,an_off_duty_Overseer,An Off Duty Overseer,An Off Duty Overseer,50,false,common primary candidate,55,Sarnak,Warrior,50,640,455,-63,-293.5,398,2,An Off Duty Overseer 50% L55 | An Off Duty Scribe 50% L55
chardok,21302,12975,an_off_duty_Scribe,An Off Duty Scribe,An Off Duty Slavemaster,50,false,low-spawn-count candidate with meaningful loot,55,Sarnak,Wizard,50,640,388,-6,-293.5,382,2,An Off Duty Scribe 50% L55 | An Off Duty Slavemaster 50% L53
chardok,21303,12976,an_off_duty_Accountant,An Off Duty Accountant,An Off Duty Accountant,50,false,common primary candidate,56,Sarnak,Wizard,50,640,394,-88,-271.5,498,2,An Off Duty Accountant 50% L56 | An Off Duty Scribe 50% L55
chardok,21304,12977,an_off_duty_Pitboss,An Off Duty Pitboss,An Off Duty Pitboss,100,false,common primary candidate,55,Sarnak,Warrior,100,640,363,-132,-273.5,386,1,An Off Duty Pitboss 100% L55
chardok,21305,12978,#Echo_of_Chardok,Echo Of Chardok,Echo Of Chardok,50,true,named/rare candidate,67,Sarnak,Warrior,50,640,339,19,-273.5,130,2,Echo Of Chardok 50% L67 named/rare | An Off Duty Scribe 50% L55
chardok,21306,12979,an_off_duty_Accountant,An Off Duty Accountant,An Off Duty Researcher,50,false,low-spawn-count candidate with meaningful loot,56,Sarnak,Wizard,50,640,360,28,-273.5,374,2,An Off Duty Accountant 50% L56 | An Off Duty Researcher 50% L53
chardok,21307,12979,an_off_duty_Accountant,An Off Duty Accountant,An Off Duty Researcher,50,false,low-spawn-count candidate with meaningful loot,56,Sarnak,Wizard,50,640,305.880005,-69.879997,-294.130005,110,2,An Off Duty Accountant 50% L56 | An Off Duty Researcher 50% L53
chardok,21308,12980,an_off_duty_Overseer,An Off Duty Overseer,An Off Duty Overseer,50,false,common primary candidate,55,Sarnak,Warrior,50,640,239.880005,-61.880001,-289,0,2,An Off Duty Overseer 50% L55 | An Off Duty Pitboss 50% L55
chardok,21309,12981,a_droopy_slave,A Droopy Slave,A Droopy Slave,25,false,common primary candidate,8,Rat,Warrior,25,640,-360,505,-284.75,348,4,An Angry Slave 25% L8 | A Droopy Slave 25% L8 | A Sad Ratman Slave 25% L8 | A Skinny Slave 25% L8
chardok,21310,12982,a_Sad_Ratman_Slave,A Sad Ratman Slave,A Dirty Slave,16,false,low-spawn-count candidate with meaningful loot,8,Rat,Warrior,20,640,-143,519,-288.75,292,6,A Sad Ratman Slave 20% L8 | An Insane Slave 16% L8 | A Dirty Slave 16% L8 | A Miserable Slave 16% L8 | A Shivering Slave 16% L8 | A Smelly Slave 16% L8
chardok,21311,12983,a_sullen_slave,A Sullen Slave,A Sullen Slave,20,false,common primary candidate,8,Froglok,Warrior,20,640,-108,442,-288.75,0,6,A Sullen Slave 20% L8 | An Angry Slave 16% L8 | An Insane Slave 16% L8 | A Muddy Slave 16% L8 | A Shivering Slave 16% L8 | A Smelly Slave 16% L8
chardok,21312,12984,a_sullen_slave,A Sullen Slave,A Miserable Slave,16,false,low-spawn-count candidate with meaningful loot,8,Froglok,Warrior,20,640,-121,370,-288.75,206,6,A Sullen Slave 20% L8 | An Angry Slave 16% L8 | A Confused Slave 16% L8 | A Miserable Slave 16% L8 | A Sad Ratman Slave 16% L8 | A Sad Slave 16% L8
chardok,21313,12985,Niblek,Niblek,Niblek,100,true,named/rare candidate,10,Rat,Warrior,100,640,-107,506,-290,346,1,Niblek 100% L10 named/rare
chardok,21314,12986,Di`zok_royal_guard,Di`zok Royal Guard,Councilman Gwalnax Iii,20,true,unique named loot overrides spawn footprint,52,Sarnak,Warrior,80,640,970.630005,-403.5,-133,263.5,2,Di`zok Royal Guard 80% L52 | Councilman Gwalnax Iii 20% L60 named/rare
chardok,21315,12987,Di`zok_royal_guard,Di`zok Royal Guard,Councilman Caroeth Iii,20,true,unique named loot overrides spawn footprint,52,Sarnak,Warrior,80,640,943.75,-416,-133,127.75,2,Di`zok Royal Guard 80% L52 | Councilman Caroeth Iii 20% L60 named/rare
chardok,21316,12988,Di`zok_royal_guard,Di`zok Royal Guard,Councilman Neyir Iii,20,true,unique named loot overrides spawn footprint,52,Sarnak,Warrior,80,640,995.25,-410.630005,-133,383.25,2,Di`zok Royal Guard 80% L52 | Councilman Neyir Iii 20% L60 named/rare
chardok,21317,12989,Di`zok_royal_guard,Di`zok Royal Guard,Di`zok Royal Guard,100,false,common primary candidate,52,Sarnak,Warrior,100,640,995.25,-610,-133,384.25,1,Di`zok Royal Guard 100% L52
chardok,21318,12990,an_Ancient_Guardian,An Ancient Guardian,An Ancient Guardian,100,true,named/rare candidate,56,Sarnak,Warrior,100,640,-324.75,-589.25,-164.880005,0,1,An Ancient Guardian 100% L56 named/rare
chardok,21319,12991,a_Di`zok_Guardian,A Di`zok Guardian,A Di`zok Guardian,50,true,named/rare candidate,55,Sarnak,Warrior,50,640,-253.880005,-568.880005,-154.130005,372,2,A Di`zok Guardian 50% L55 named/rare | A Greater Guardian 50% L55 named/rare
chardok,21320,12991,a_Di`zok_Guardian,A Di`zok Guardian,A Di`zok Guardian,50,true,named/rare candidate,55,Sarnak,Warrior,50,640,-253.880005,-539,-154.130005,392,2,A Di`zok Guardian 50% L55 named/rare | A Greater Guardian 50% L55 named/rare
chardok,21321,12992,an_Imperial_Inspector,An Imperial Inspector,Interrogator Gi`mok,20,true,unique named loot overrides spawn footprint,57,Sarnak,Wizard,80,640,-364,-527,-133.630005,116,2,An Imperial Inspector 80% L57 | Interrogator Gi`mok 20% L55 named/rare
chardok,21322,12993,an_Imperial_Interrogator,An Imperial Interrogator,Arch Inspector Nibi`zi,20,true,unique named loot overrides spawn footprint,56,Sarnak,Warrior,80,640,-367,-589,-133,110,2,An Imperial Interrogator 80% L56 | Arch Inspector Nibi`zi 20% L56 named/rare
chardok,21323,12994,a_Security_Advisor,A Security Advisor,A Security Advisor,40,false,common primary candidate,58,Sarnak,Warrior,40,640,-373,-559,-135,114,3,A Security Advisor 40% L58 | An Imperial Officer 40% L57 | Korocust 20% L56 named/rare
chardok,21324,12995,an_iksar_collaborator,An Iksar Collaborator,An Iksar Trustee,20,false,Site rare loot source,55,Iksar,Warrior,80,640,-316,553,-284.75,22,2,An Iksar Collaborator 80% L55 | An Iksar Trustee 20% L56
chardok,21325,12996,an_Enslaved_Iksar_Miner,An Enslaved Iksar Miner,An Enslaved Iksar Miner,100,false,common primary candidate,55,Iksar,Warrior,100,640,-533,307,-284.130005,413,1,An Enslaved Iksar Miner 100% L55
chardok,21326,12996,an_Enslaved_Iksar_Miner,An Enslaved Iksar Miner,An Enslaved Iksar Miner,100,false,common primary candidate,55,Iksar,Warrior,100,640,-276.880005,542.880005,-284.130005,92,1,An Enslaved Iksar Miner 100% L55
chardok,21327,12996,an_Enslaved_Iksar_Miner,An Enslaved Iksar Miner,An Enslaved Iksar Miner,100,false,common primary candidate,55,Iksar,Warrior,100,640,-96,405.880005,-288.130005,164,1,An Enslaved Iksar Miner 100% L55
chardok,21328,12996,an_Enslaved_Iksar_Miner,An Enslaved Iksar Miner,An Enslaved Iksar Miner,100,false,common primary candidate,55,Iksar,Warrior,100,640,-241.25,500.25,-286.130005,485,1,An Enslaved Iksar Miner 100% L55
chardok,21329,12996,an_Enslaved_Iksar_Miner,An Enslaved Iksar Miner,An Enslaved Iksar Miner,100,false,common primary candidate,55,Iksar,Warrior,100,640,-335,507,-284.130005,396,1,An Enslaved Iksar Miner 100% L55
chardok,21330,12996,an_Enslaved_Iksar_Miner,An Enslaved Iksar Miner,An Enslaved Iksar Miner,100,false,common primary candidate,55,Iksar,Warrior,100,640,-534,373,-283.880005,488,1,An Enslaved Iksar Miner 100% L55
chardok,21331,12996,an_Enslaved_Iksar_Miner,An Enslaved Iksar Miner,An Enslaved Iksar Miner,100,false,common primary candidate,55,Iksar,Warrior,100,640,-466,216.880005,-283,79,1,An Enslaved Iksar Miner 100% L55
chardok,21332,12996,an_Enslaved_Iksar_Miner,An Enslaved Iksar Miner,An Enslaved Iksar Miner,100,false,common primary candidate,55,Iksar,Warrior,100,640,-371,400,-287.5,164,1,An Enslaved Iksar Miner 100% L55
chardok,21333,12997,a_Sarnak_Slavemaster,A Sarnak Slavemaster,A Sarnak Slavemaster,50,false,common primary candidate,53,Sarnak,Warrior,50,640,-151,475,-283.5,342,2,A Sarnak Slavemaster 50% L53 | A Sarnak Slavedriver 50% L51
chardok,21334,12998,a_Sarnak_Underboss,A Sarnak Underboss,Foreman Mirt`akk,20,true,unique named loot overrides spawn footprint,55,Sarnak,Warrior,80,640,-391,435,-283.5,240,2,A Sarnak Underboss 80% L55 | Foreman Mirt`akk 20% L56 named/rare
chardok,21335,12999,an_accused_traitor,An Accused Traitor,An Accused Traitor,100,false,common primary candidate,30,Sarnak,Warrior,100,640,-305,-558,-167,383,1,An Accused Traitor 100% L30
chardok,21337,13001,sorcerer_of_Di`zok,Sorcerer Of Di`zok,Sorcerer Of Di`zok,100,true,named/rare candidate,50,Sarnak,Wizard,100,640,989.380005,-959.75,-264.25,511,1,Sorcerer Of Di`zok 100% L50 named/rare
chardok,21716,13394,You_notice,You Notice,Your Mind,16,true,low chance only,60,Teleport Man,Warrior,20,640,735,-519,-156,248,6,You Notice 20% L60 named/rare | Your Mind 16% L60 named/rare | Your Shin 16% L60 named/rare | You Hear 16% L60 named/rare | You Seem 16% L60 named/rare | The Bridge 16% L1
chardok,21717,13395,You_notice,You Notice,Your Mind,16,true,low chance only,60,Teleport Man,Warrior,20,640,829,-517,-135,248,6,You Notice 20% L60 named/rare | Your Mind 16% L60 named/rare | Your Shin 16% L60 named/rare | You Hear 16% L60 named/rare | You Seem 16% L60 named/rare | The Bridge 16% L1
chardok,21718,13396,You_hear,You Hear,The Bridge,20,false,low chance only,60,Teleport Man,Warrior,20,640,-80,-451,-120,508,5,Your Shin 20% L60 named/rare | You Hear 20% L60 named/rare | You Notice 20% L60 named/rare | You Seem 20% L60 named/rare | The Bridge 20% L1
chardok,21719,13397,The_musty,The Musty,The Musty,100,false,common primary candidate,1,Invisible Man,Warrior,100,640,-248,-217,-186,0,1,The Musty 100% L1
chardok,21720,13398,A_mix,A Mix,A Mix,25,false,common primary candidate,1,Invisible Man,Warrior,25,640,-255,-236,-190,0,4,A Mix 25% L1 | The Clang 25% L1 | The Cries 25% L1 | The Thick 25% L1
chardok,21721,13399,A_mix,A Mix,A Mix,25,false,common primary candidate,1,Invisible Man,Warrior,25,640,-537,-232,-219,0,4,A Mix 25% L1 | The Clang 25% L1 | The Cries 25% L1 | The Thick 25% L1
chardok,21722,13400,A_mix,A Mix,A Mix,25,false,common primary candidate,1,Invisible Man,Warrior,25,640,-387,25,-275,0,4,A Mix 25% L1 | The Clang 25% L1 | The Cries 25% L1 | The Thick 25% L1
chardok,21723,13401,A_mix,A Mix,A Mix,25,false,common primary candidate,1,Invisible Man,Warrior,25,640,-191,388,-286,0,4,A Mix 25% L1 | The Clang 25% L1 | The Cries 25% L1 | The Thick 25% L1
chardok,21724,13402,The_sounds,The Sounds,The Sounds,100,false,common primary candidate,1,Invisible Man,Warrior,100,640,-81,-494,-116,0,1,The Sounds 100% L1
chardok,21725,13403,The_earth,The Earth,The Earth,100,false,common primary candidate,1,Invisible Man,Warrior,100,640,721,-609,-154.100006,0,1,The Earth 100% L1
chardok,21726,13404,The_earth,The Earth,The Earth,100,false,common primary candidate,1,Invisible Man,Warrior,100,640,782,-562,-154.100006,0,1,The Earth 100% L1
chardok,21727,13405,The_earth,The Earth,The Earth,100,false,common primary candidate,1,Invisible Man,Warrior,100,640,708,-558,-154.100006,0,1,The Earth 100% L1
chardok,21728,13406,The_earth,The Earth,The Earth,100,false,common primary candidate,1,Invisible Man,Warrior,100,640,787,-474,-154.100006,0,1,The Earth 100% L1
chardok,21729,13407,The_earth,The Earth,The Earth,100,false,common primary candidate,1,Invisible Man,Warrior,100,640,714,-472,-154.100006,0,1,The Earth 100% L1
chardok,21730,13408,The_earth,The Earth,The Earth,100,false,common primary candidate,1,Invisible Man,Warrior,100,640,763,-433,-154.100006,0,1,The Earth 100% L1
chardok,21731,13409,a_Shai`din_Soldier,A Shai`din Soldier,A Shai`din Soldier,100,false,common primary candidate,47,Sarnak,Shadowknight,100,640,-160,-293,-114,4,1,A Shai`din Soldier 100% L47
chardok,21732,13410,The_stench,The Stench,The Stench,100,false,common primary candidate,1,Invisible Man,Warrior,100,640,344,-365,-116,0,1,The Stench 100% L1
chardok,21733,13411,Clanging_sounds,Clanging Sounds,Clanging Sounds,100,true,named/rare candidate,1,Invisible Man,Warrior,100,640,-420,68,-273,0,1,Clanging Sounds 100% L1 named/rare
chardok,21734,13412,Your_feet_splash,Your Feet Splash,Your Feet Splash,100,true,named/rare candidate,1,Invisible Man,Warrior,100,640,-450,358,-282,0,1,Your Feet Splash 100% L1 named/rare
chardok,57790,36868,#Historian_Silren_Di`zok,Historian Silren Di`zok,Historian Silren Di`zok,100,true,named/rare candidate,70,Sarnak,Warrior,100,28800,1291.27002,-559.929993,-159.75,384,1,Historian Silren Di`zok 100% L70 named/rare
chardok,258352,282458,a_Reanimated_Berserker,A Reanimated Berserker,Battle Master Ska`tu,10,true,unique named loot overrides spawn footprint,55,Sarnak,Warrior,60,640,395,-458.880005,-143.5,102,3,A Reanimated Berserker 60% L55 | A Reanimated Champion 30% L51 | Battle Master Ska`tu 10% L54 named/rare
